source,record,event_label,duration_stratum,event_hr,basal_start,basal_end,approach_start,approach_end,path,detector,collapse_role,L,theta_delta_S,theta_R,basal_mode,basal_q,mad_kappa,hop,n_symbols,basal_idx_start,basal_idx_end,search_start_idx,search_end_idx,alarmed,lead_time_h,detection_hr,first_alarm_idx,n_alarm_samples_search,n_core_alarm_samples_search,mean_S_approach,mean_D_approach,frac_low_div_approach,frac_high_syn_approach,error
sddb,30,SDDB,holter_analytic,7.909166666666667,0.5,3.5,4.909166666666667,7.909166666666667,rr_30_clean.npz,R0_I0_ref,none,50,0.08,5,mean_delta,,,1,128805,2266,14785,14785,35224,1,4.226659884982639,3.682506781684028,15737,392,392,0.4050304516718714,0.5700527246722692,0.0,0.04493868535303527,
sddb,30,SDDB,holter_analytic,7.909166666666667,0.5,3.5,4.909166666666667,7.909166666666667,rr_30_clean.npz,R1_hop,none,50,0.08,3,mean_delta,,,25,128805,2266,14785,14785,35224,1,0.36535101996527786,7.543815646701389,33735,3,3,0.4050304516718714,0.5700527246722692,0.0,0.04493868535303527,
sddb,30,SDDB,holter_analytic,7.909166666666667,0.5,3.5,4.909166666666667,7.909166666666667,rr_30_clean.npz,R2_basal_q90,none,50,,5,percentile,90.0,,1,128805,2266,14785,14785,35224,1,4.226659884982639,3.682506781684028,15737,486,486,0.4050304516718714,0.5700527246722692,0.0,0.055602102216467365,
sddb,30,SDDB,holter_analytic,7.909166666666667,0.5,3.5,4.909166666666667,7.909166666666667,rr_30_clean.npz,R3_basal_mad,none,50,,5,mad,,2.5,1,128805,2266,14785,14785,35224,1,0.37776204427083293,7.531404622395834,33684,20,20,0.4050304516718714,0.5700527246722692,0.0,0.001980348846065961,
sddb,30,SDDB,holter_analytic,7.909166666666667,0.5,3.5,4.909166666666667,7.909166666666667,rr_30_clean.npz,R4_combo,none,50,,3,percentile,90.0,,25,128805,2266,14785,14785,35224,1,0.36535101996527786,7.543815646701389,33735,3,3,0.4050304516718714,0.5700527246722692,0.0,0.055602102216467365,
sddb,30,SDDB,holter_analytic,7.909166666666667,0.5,3.5,4.909166666666667,7.909166666666667,rr_30_clean.npz,R5_combo_Ls100,none,100,,3,percentile,90.0,,50,128805,2266,14785,14785,35224,0,nan,nan,,0,0,0.3644408256531343,0.6710187794619206,0.0,0.029781399954299643,
sddb,31,SDDB,holter_analytic,13.966329210069444,3.9663292100694445,6.9663292100694445,10.966329210069444,13.966329210069444,rr_31_clean.npz,R0_I0_ref,none,50,0.08,5,mean_delta,,,1,63215,18047,31527,31527,63214,1,6.9843934461805555,6.981935763888889,31604,2904,2904,0.4119486703383163,0.522550048081126,0.003068450039339103,0.06034618410700236,
sddb,31,SDDB,holter_analytic,13.966329210069444,3.9663292100694445,6.9663292100694445,10.966329210069444,13.966329210069444,rr_31_clean.npz,R1_hop,none,50,0.08,3,mean_delta,,,25,63215,18047,31527,31527,63214,1,6.919151475694444,7.047177734375,31927,19,19,0.4119486703383163,0.522550048081126,0.003068450039339103,0.06034618410700236,
sddb,31,SDDB,holter_analytic,13.966329210069444,3.9663292100694445,6.9663292100694445,10.966329210069444,13.966329210069444,rr_31_clean.npz,R2_basal_q90,none,50,,5,percentile,90.0,,1,63215,18047,31527,31527,63214,1,6.9843934461805555,6.981935763888889,31604,2941,2941,0.4119486703383163,0.522550048081126,0.003068450039339103,0.06113296616837136,
sddb,31,SDDB,holter_analytic,13.966329210069444,3.9663292100694445,6.9663292100694445,10.966329210069444,13.966329210069444,rr_31_clean.npz,R3_basal_mad,none,50,,5,mad,,2.5,1,63215,18047,31527,31527,63214,1,6.9634716796875,7.002857530381944,31707,983,983,0.4119486703383163,0.522550048081126,0.003068450039339103,0.011408339889850511,
sddb,31,SDDB,holter_analytic,13.966329210069444,3.9663292100694445,6.9663292100694445,10.966329210069444,13.966329210069444,rr_31_clean.npz,R4_combo,none,50,,3,percentile,90.0,,25,63215,18047,31527,31527,63214,1,6.919151475694444,7.047177734375,31927,19,19,0.4119486703383163,0.522550048081126,0.003068450039339103,0.06113296616837136,
sddb,31,SDDB,holter_analytic,13.966329210069444,3.9663292100694445,6.9663292100694445,10.966329210069444,13.966329210069444,rr_31_clean.npz,R5_combo_Ls100,none,100,,3,percentile,90.0,,50,63215,18047,31527,31527,63214,1,4.983611653645834,8.98271755642361,41327,3,3,0.37758436664044065,0.6269735116706006,0.0,0.04044059795436664,
sddb,32,SDDB,holter_analytic,16.755,6.754999999999999,9.754999999999999,13.754999999999999,16.755,rr_32_clean.npz,R0_I0_ref,none,50,0.08,5,mean_delta,,,1,127197,34411,49576,49576,83947,1,6.972408854166666,9.782591145833333,49714,448,448,0.39855276832887027,0.5164792968404462,0.0015922414417022508,0.025837736122168345,
sddb,32,SDDB,holter_analytic,16.755,6.754999999999999,9.754999999999999,13.754999999999999,16.755,rr_32_clean.npz,R1_hop,none,50,0.08,3,mean_delta,,,25,127197,34411,49576,49576,83947,0,nan,nan,,0,0,0.39855276832887027,0.5164792968404462,0.0015922414417022508,0.025837736122168345,
sddb,32,SDDB,holter_analytic,16.755,6.754999999999999,9.754999999999999,13.754999999999999,16.755,rr_32_clean.npz,R2_basal_q90,none,50,,5,percentile,90.0,,1,127197,34411,49576,49576,83947,1,6.972606336805555,9.782393663194444,49713,1341,1341,0.39855276832887027,0.5164792968404462,0.0015922414417022508,0.06955200115799377,
sddb,32,SDDB,holter_analytic,16.755,6.754999999999999,9.754999999999999,13.754999999999999,16.755,rr_32_clean.npz,R3_basal_mad,none,50,,5,mad,,2.5,1,127197,34411,49576,49576,83947,1,6.656355251736111,10.098644748263888,51340,5,5,0.39855276832887027,0.5164792968404462,0.0015922414417022508,0.0011579937757834552,
sddb,32,SDDB,holter_analytic,16.755,6.754999999999999,9.754999999999999,13.754999999999999,16.755,rr_32_clean.npz,R4_combo,none,50,,3,percentile,90.0,,25,127197,34411,49576,49576,83947,1,4.930061848958333,11.824938151041666,60251,6,6,0.39855276832887027,0.5164792968404462,0.0015922414417022508,0.06955200115799377,
sddb,32,SDDB,holter_analytic,16.755,6.754999999999999,9.754999999999999,13.754999999999999,16.755,rr_32_clean.npz,R5_combo_Ls100,none,100,,3,percentile,90.0,,50,127197,34411,49576,49576,83947,1,0.08385959201388715,16.671140407986112,83576,2,2,0.36347420568864447,0.6138734087637612,0.0,0.047984367084026924,
sddb,35,SDDB,holter_analytic,23.999811197916667,6.0,16.0,20.999811197916667,23.999811197916667,rr_35_clean.npz,R0_I0_ref,none,50,0.08,5,mean_delta,,,1,100739,26896,70334,70334,100738,1,7.865148654513888,16.13466254340278,70822,494,494,0.43884179104477616,0.5743587204937172,0.0,0.03282096977797579,
sddb,35,SDDB,holter_analytic,23.999811197916667,6.0,16.0,20.999811197916667,23.999811197916667,rr_35_clean.npz,R1_hop,none,50,0.08,3,mean_delta,,,25,100739,26896,70334,70334,100738,1,3.857430555555556,20.14238064236111,84534,1,1,0.43884179104477616,0.5743587204937172,0.0,0.03282096977797579,
sddb,35,SDDB,holter_analytic,23.999811197916667,6.0,16.0,20.999811197916667,23.999811197916667,rr_35_clean.npz,R2_basal_q90,none,50,,5,percentile,90.0,,1,100739,26896,70334,70334,100738,1,7.971399739583333,16.028411458333334,70440,2342,2342,0.43884179104477616,0.5743587204937172,0.0,0.12363555357540655,
sddb,35,SDDB,holter_analytic,23.999811197916667,6.0,16.0,20.999811197916667,23.999811197916667,rr_35_clean.npz,R3_basal_mad,none,50,,5,mad,,2.5,1,100739,26896,70334,70334,100738,1,7.850589192708334,16.149222005208333,70879,112,112,0.43884179104477616,0.5743587204937172,0.0,0.005197891141308384,
sddb,35,SDDB,holter_analytic,23.999811197916667,6.0,16.0,20.999811197916667,23.999811197916667,rr_35_clean.npz,R4_combo,none,50,,3,percentile,90.0,,25,100739,26896,70334,70334,100738,1,7.055595703125,16.944215494791667,73759,10,10,0.43884179104477616,0.5743587204937172,0.0,0.12363555357540655,
sddb,35,SDDB,holter_analytic,23.999811197916667,6.0,16.0,20.999811197916667,23.999811197916667,rr_35_clean.npz,R5_combo_Ls100,none,100,,3,percentile,90.0,,50,100739,26896,70334,70334,100738,1,7.244482421875002,16.755328776041665,73084,10,10,0.4027184376624341,0.6591709776160656,0.0,0.1299472785327096,
sddb,36,SDDB,holter_analytic,18.98361111111111,8.98361111111111,11.98361111111111,15.98361111111111,18.98361111111111,rr_36_clean.npz,R0_I0_ref,none,50,0.08,5,mean_delta,,,1,77321,34532,45195,45195,71963,1,6.628744574652776,12.354866536458333,46535,1258,1258,0.4461320092214932,0.5670627179760004,0.0,0.033339244546905476,
sddb,36,SDDB,holter_analytic,18.98361111111111,8.98361111111111,11.98361111111111,15.98361111111111,18.98361111111111,rr_36_clean.npz,R1_hop,none,50,0.08,3,mean_delta,,,25,77321,34532,45195,45195,71963,1,6.277527126736109,12.706083984375,47845,6,6,0.4461320092214932,0.5670627179760004,0.0,0.033339244546905476,
sddb,36,SDDB,holter_analytic,18.98361111111111,8.98361111111111,11.98361111111111,15.98361111111111,18.98361111111111,rr_36_clean.npz,R2_basal_q90,none,50,,5,percentile,90.0,,1,77321,34532,45195,45195,71963,1,6.963646918402777,12.019964192708333,45324,3601,3601,0.4461320092214932,0.5670627179760004,0.0,0.12652952651179286,
sddb,36,SDDB,holter_analytic,18.98361111111111,8.98361111111111,11.98361111111111,15.98361111111111,18.98361111111111,rr_36_clean.npz,R3_basal_mad,none,50,,5,mad,,2.5,1,77321,34532,45195,45195,71963,1,6.29044704861111,12.6931640625,47794,552,552,0.4461320092214932,0.5670627179760004,0.0,0.011349530058521014,
sddb,36,SDDB,holter_analytic,18.98361111111111,8.98361111111111,11.98361111111111,15.98361111111111,18.98361111111111,rr_36_clean.npz,R4_combo,none,50,,3,percentile,90.0,,25,77321,34532,45195,45195,71963,1,6.28385525173611,12.699755859375,47820,38,38,0.4461320092214932,0.5670627179760004,0.0,0.12652952651179286,
sddb,36,SDDB,holter_analytic,18.98361111111111,8.98361111111111,11.98361111111111,15.98361111111111,18.98361111111111,rr_36_clean.npz,R5_combo_Ls100,none,100,,3,percentile,90.0,,50,77321,34532,45195,45195,71963,1,6.2648621961805535,12.718748914930556,47895,48,48,0.41088256783117577,0.6595559693405056,0.0,0.11092392268132648,
sddb,38,SDDB,holter_analytic,8.031666666666666,0.5,3.5,5.031666666666666,8.031666666666666,rr_38_clean.npz,R0_I0_ref,none,50,0.08,5,mean_delta,,,1,74428,2979,21274,21274,48664,1,4.506778971354166,3.5248876953125,21430,2349,2349,0.4297889811832514,0.549402598054912,0.006554783296603944,0.17454935864835847,
sddb,38,SDDB,holter_analytic,8.031666666666666,0.5,3.5,5.031666666666666,8.031666666666666,rr_38_clean.npz,R1_hop,none,50,0.08,3,mean_delta,,,25,74428,2979,21274,21274,48664,1,1.7119878472222219,6.319678819444444,39099,41,41,0.4297889811832514,0.549402598054912,0.006554783296603944,0.17454935864835847,
sddb,38,SDDB,holter_analytic,8.031666666666666,0.5,3.5,5.031666666666666,8.031666666666666,rr_38_clean.npz,R2_basal_q90,none,50,,5,percentile,90.0,,1,74428,2979,21274,21274,48664,1,4.507254503038194,3.5244121636284724,21427,4382,4382,0.4297889811832514,0.549402598054912,0.006554783296603944,0.3021981126744646,
sddb,38,SDDB,holter_analytic,8.031666666666666,0.5,3.5,5.031666666666666,8.031666666666666,rr_38_clean.npz,R3_basal_mad,none,50,,5,mad,,2.5,1,74428,2979,21274,21274,48664,1,3.683143446180555,4.348523220486111,26601,761,761,0.4297889811832514,0.549402598054912,0.006554783296603944,0.06402215064700231,
sddb,38,SDDB,holter_analytic,8.031666666666666,0.5,3.5,5.031666666666666,8.031666666666666,rr_38_clean.npz,R4_combo,none,50,,3,percentile,90.0,,25,74428,2979,21274,21274,48664,1,1.7382221137152776,6.293444552951389,38924,72,72,0.4297889811832514,0.549402598054912,0.006554783296603944,0.3021981126744646,
sddb,38,SDDB,holter_analytic,8.031666666666666,0.5,3.5,5.031666666666666,8.031666666666666,rr_38_clean.npz,R5_combo_Ls100,none,100,,3,percentile,90.0,,50,74428,2979,21274,21274,48664,1,4.189326714409722,3.8423399522569444,23424,86,86,0.3937422614002373,0.6477369045600949,0.0,0.41526812454088263,
sddb,45,SDDB,holter_analytic,18.154722222222222,8.154722222222222,11.154722222222222,15.154722222222222,18.154722222222222,rr_45_clean.npz,R0_I0_ref,none,50,0.08,5,mean_delta,,,1,99135,34696,46676,46676,74680,1,6.886535373263889,11.268186848958333,47116,1076,1076,0.4437385692846423,0.5513636447853556,0.0002501250625312656,0.07695514423878606,
sddb,45,SDDB,holter_analytic,18.154722222222222,8.154722222222222,11.154722222222222,15.154722222222222,18.154722222222222,rr_45_clean.npz,R1_hop,none,50,0.08,3,mean_delta,,,25,99135,34696,46676,46676,74680,1,6.8710731336805555,11.283649088541667,47176,8,8,0.4437385692846423,0.5513636447853556,0.0002501250625312656,0.07695514423878606,
sddb,45,SDDB,holter_analytic,18.154722222222222,8.154722222222222,11.154722222222222,15.154722222222222,18.154722222222222,rr_45_clean.npz,R2_basal_q90,none,50,,5,percentile,90.0,,1,99135,34696,46676,46676,74680,1,6.887566189236111,11.267156032986112,47112,1657,1657,0.4437385692846423,0.5513636447853556,0.0002501250625312656,0.12006003001500751,
sddb,45,SDDB,holter_analytic,18.154722222222222,8.154722222222222,11.154722222222222,15.154722222222222,18.154722222222222,rr_45_clean.npz,R3_basal_mad,none,50,,5,mad,,2.5,1,99135,34696,46676,46676,74680,1,6.46833984375,11.686382378472222,48736,205,205,0.4437385692846423,0.5513636447853556,0.0002501250625312656,0.01892612973153243,
sddb,45,SDDB,holter_analytic,18.154722222222222,8.154722222222222,11.154722222222222,15.154722222222222,18.154722222222222,rr_45_clean.npz,R4_combo,none,50,,3,percentile,90.0,,25,99135,34696,46676,46676,74680,1,6.8710731336805555,11.283649088541667,47176,10,10,0.4437385692846423,0.5513636447853556,0.0002501250625312656,0.12006003001500751,
sddb,45,SDDB,holter_analytic,18.154722222222222,8.154722222222222,11.154722222222222,15.154722222222222,18.154722222222222,rr_45_clean.npz,R5_combo_Ls100,none,100,,3,percentile,90.0,,50,99135,34696,46676,46676,74680,1,5.878935546875001,12.275786675347222,51026,12,12,0.4094551025512757,0.647124488170011,0.0,0.12706353176588295,
sddb,47,SDDB,holter_analytic,6.216944444444445,0.5,3.5,3.2169444444444446,6.216944444444445,rr_47_clean.npz,R0_I0_ref,none,50,0.08,5,mean_delta,,,1,92810,1798,11966,11966,20832,1,2.7156689453125002,3.5012754991319444,11970,1087,1087,0.43046066369890723,0.5543864382391295,0.019830028328611898,0.14730878186968838,
sddb,47,SDDB,holter_analytic,6.216944444444445,0.5,3.5,3.2169444444444446,6.216944444444445,rr_47_clean.npz,R1_hop,none,50,0.08,3,mean_delta,,,25,92810,1798,11966,11966,20832,1,2.7036233181423612,3.5133211263020834,12016,10,10,0.43046066369890723,0.5543864382391295,0.019830028328611898,0.14730878186968838,
sddb,47,SDDB,holter_analytic,6.216944444444445,0.5,3.5,3.2169444444444446,6.216944444444445,rr_47_clean.npz,R2_basal_q90,none,50,,5,percentile,90.0,,1,92810,1798,11966,11966,20832,1,2.7156689453125002,3.5012754991319444,11970,1728,1728,0.43046066369890723,0.5543864382391295,0.019830028328611898,0.22035613112100363,
sddb,47,SDDB,holter_analytic,6.216944444444445,0.5,3.5,3.2169444444444446,6.216944444444445,rr_47_clean.npz,R3_basal_mad,none,50,,5,mad,,2.5,1,92810,1798,11966,11966,20832,1,2.7101866319444445,3.5067578125,11991,322,322,0.43046066369890723,0.5543864382391295,0.019830028328611898,0.04724807770133549,
sddb,47,SDDB,holter_analytic,6.216944444444445,0.5,3.5,3.2169444444444446,6.216944444444445,rr_47_clean.npz,R4_combo,none,50,,3,percentile,90.0,,25,92810,1798,11966,11966,20832,1,2.7036233181423612,3.5133211263020834,12016,26,26,0.43046066369890723,0.5543864382391295,0.019830028328611898,0.22035613112100363,
sddb,47,SDDB,holter_analytic,6.216944444444445,0.5,3.5,3.2169444444444446,6.216944444444445,rr_47_clean.npz,R5_combo_Ls100,none,100,,3,percentile,90.0,,50,92810,1798,11966,11966,20832,1,2.690279947916667,3.526664496527778,12066,26,26,0.39123393363010933,0.646218355141868,0.00141643059490085,0.29461756373937675,
sddb,50,SDDB,holter_analytic,11.761944444444444,1.7619444444444436,4.761944444444444,8.761944444444444,11.761944444444444,rr_50_clean.npz,R0_I0_ref,none,50,0.08,5,mean_delta,,,1,64251,5318,13421,13421,32307,1,6.931450195312499,4.830494249131944,13596,82,82,0.4368999500249875,0.575281803542673,0.0,0.015617191404297851,
sddb,50,SDDB,holter_analytic,11.761944444444444,1.7619444444444436,4.761944444444444,8.761944444444444,11.761944444444444,rr_50_clean.npz,R1_hop,none,50,0.08,3,mean_delta,,,25,64251,5318,13421,13421,32307,0,nan,nan,,0,0,0.4368999500249875,0.575281803542673,0.0,0.015617191404297851,
sddb,50,SDDB,holter_analytic,11.761944444444444,1.7619444444444436,4.761944444444444,8.761944444444444,11.761944444444444,rr_50_clean.npz,R2_basal_q90,none,50,,5,percentile,90.0,,1,64251,5318,13421,13421,32307,1,6.9408110894097215,4.821133355034722,13573,789,789,0.4368999500249875,0.575281803542673,0.0,0.068215892053973,
sddb,50,SDDB,holter_analytic,11.761944444444444,1.7619444444444436,4.761944444444444,8.761944444444444,11.761944444444444,rr_50_clean.npz,R3_basal_mad,none,50,,5,mad,,2.5,1,64251,5318,13421,13421,32307,1,6.617399088541666,5.144545355902777,14412,17,17,0.4368999500249875,0.575281803542673,0.0,0.004122938530734633,
sddb,50,SDDB,holter_analytic,11.761944444444444,1.7619444444444436,4.761944444444444,8.761944444444444,11.761944444444444,rr_50_clean.npz,R4_combo,none,50,,3,percentile,90.0,,25,64251,5318,13421,13421,32307,1,6.921913519965277,4.840030924479167,13621,4,4,0.4368999500249875,0.575281803542673,0.0,0.068215892053973,
sddb,50,SDDB,holter_analytic,11.761944444444444,1.7619444444444436,4.761944444444444,8.761944444444444,11.761944444444444,rr_50_clean.npz,R5_combo_Ls100,none,100,,3,percentile,90.0,,50,64251,5318,13421,13421,32307,1,6.9038221571180545,4.858122287326389,13671,2,2,0.39864562718640684,0.6539681548114832,0.0,0.05259870064967516,
sddb,51,SDDB,holter_analytic,22.973055555555554,12.973055555555554,15.973055555555554,19.973055555555554,22.973055555555554,rr_51_clean.npz,R0_I0_ref,none,50,0.08,5,mean_delta,,,1,77929,40699,49980,49980,73939,1,6.974501953124998,15.998553602430556,50061,194,194,0.3941412754815784,0.5772213910188475,0.0,0.012249859734430522,
sddb,51,SDDB,holter_analytic,22.973055555555554,12.973055555555554,15.973055555555554,19.973055555555554,22.973055555555554,rr_51_clean.npz,R1_hop,none,50,0.08,3,mean_delta,,,25,77929,40699,49980,49980,73939,0,nan,nan,,0,0,0.3941412754815784,0.5772213910188475,0.0,0.012249859734430522,
sddb,51,SDDB,holter_analytic,22.973055555555554,12.973055555555554,15.973055555555554,19.973055555555554,22.973055555555554,rr_51_clean.npz,R2_basal_q90,none,50,,5,percentile,90.0,,1,77929,40699,49980,49980,73939,1,6.974501953124998,15.998553602430556,50061,155,155,0.3941412754815784,0.5772213910188475,0.0,0.010753693659996259,
sddb,51,SDDB,holter_analytic,22.973055555555554,12.973055555555554,15.973055555555554,19.973055555555554,22.973055555555554,rr_51_clean.npz,R3_basal_mad,none,50,,5,mad,,2.5,1,77929,40699,49980,49980,73939,0,nan,nan,,0,0,0.3941412754815784,0.5772213910188475,0.0,0.0,
sddb,51,SDDB,holter_analytic,22.973055555555554,12.973055555555554,15.973055555555554,19.973055555555554,22.973055555555554,rr_51_clean.npz,R4_combo,none,50,,3,percentile,90.0,,25,77929,40699,49980,49980,73939,0,nan,nan,,0,0,0.3941412754815784,0.5772213910188475,0.0,0.010753693659996259,
sddb,51,SDDB,holter_analytic,22.973055555555554,12.973055555555554,15.973055555555554,19.973055555555554,22.973055555555554,rr_51_clean.npz,R5_combo_Ls100,none,100,,3,percentile,90.0,,50,77929,40699,49980,49980,73939,0,nan,nan,,0,0,0.35716757995137466,0.6687524676350187,0.0,0.001963717972694969,
sddb,44,SDDB,holter_analytic,19.645833333333332,9.645833333333332,12.645833333333332,16.645833333333332,19.645833333333332,rr_44_clean.npz,R0_I0_ref,none,50,0.08,5,mean_delta,,,1,118665,46076,61807,61807,98706,1,6.986450737847221,12.659382595486111,61881,21544,21544,0.5656568601665727,0.3629845325317803,0.5442419688145782,0.6320370718266641,
sddb,44,SDDB,holter_analytic,19.645833333333332,9.645833333333332,12.645833333333332,16.645833333333332,19.645833333333332,rr_44_clean.npz,R1_hop,none,50,0.08,3,mean_delta,,,25,118665,46076,61807,61807,98706,1,6.641471354166665,13.004361979166667,63707,786,786,0.5656568601665727,0.3629845325317803,0.5442419688145782,0.6320370718266641,
sddb,44,SDDB,holter_analytic,19.645833333333332,9.645833333333332,12.645833333333332,16.645833333333332,19.645833333333332,rr_44_clean.npz,R2_basal_q90,none,50,,5,percentile,90.0,,1,118665,46076,61807,61807,98706,1,6.651877170138889,12.993956163194444,63654,16674,16674,0.5656568601665727,0.3629845325317803,0.5442419688145782,0.49232888721898677,
sddb,44,SDDB,holter_analytic,19.645833333333332,9.645833333333332,12.645833333333332,16.645833333333332,19.645833333333332,rr_44_clean.npz,R3_basal_mad,none,50,,5,mad,,2.5,1,118665,46076,61807,61807,98706,1,6.652652994791666,12.993180338541666,63649,18146,18146,0.5656568601665727,0.3629845325317803,0.5442419688145782,0.5294633352119732,
sddb,44,SDDB,holter_analytic,19.645833333333332,9.645833333333332,12.645833333333332,16.645833333333332,19.645833333333332,rr_44_clean.npz,R4_combo,none,50,,3,percentile,90.0,,25,118665,46076,61807,61807,98706,1,6.6117480468749985,13.034085286458334,63857,561,561,0.5656568601665727,0.3629845325317803,0.5442419688145782,0.49232888721898677,
sddb,44,SDDB,holter_analytic,19.645833333333332,9.645833333333332,12.645833333333332,16.645833333333332,19.645833333333332,rr_44_clean.npz,R5_combo_Ls100,none,100,,3,percentile,90.0,,50,118665,46076,61807,61807,98706,1,6.592301432291665,13.053531901041667,63957,324,324,0.5517350992548062,0.43061730714370205,0.3931367023608241,0.5339720708873442,
vfdb,418,VFL,too_short,0.1106933339436849,0.0,0.03320800018310547,0.07748533376057942,0.1106933339436849,vfdb_418_clean.npz,R0_I0_ref,none,50,0.08,5,mean_delta,,,1,4291,0,220,220,741,1,0.07459444681803386,0.03609888712565104,239,1,1,0.5377132743362832,0.43854473942969524,0.0,0.0,
vfdb,418,VFL,too_short,0.1106933339436849,0.0,0.03320800018310547,0.07748533376057942,0.1106933339436849,vfdb_418_clean.npz,R1_hop,none,50,0.08,3,mean_delta,,,25,4291,0,220,220,741,0,nan,nan,,0,0,0.5377132743362832,0.43854473942969524,0.0,0.0,
vfdb,418,VFL,too_short,0.1106933339436849,0.0,0.03320800018310547,0.07748533376057942,0.1106933339436849,vfdb_418_clean.npz,R2_basal_q90,none,50,,5,percentile,90.0,,1,4291,0,220,220,741,0,nan,nan,,0,0,0.5377132743362832,0.43854473942969524,0.0,0.0,
vfdb,418,VFL,too_short,0.1106933339436849,0.0,0.03320800018310547,0.07748533376057942,0.1106933339436849,vfdb_418_clean.npz,R3_basal_mad,none,50,,5,mad,,2.5,1,4291,0,220,220,741,0,nan,nan,,0,0,0.5377132743362832,0.43854473942969524,0.0,0.0,
vfdb,418,VFL,too_short,0.1106933339436849,0.0,0.03320800018310547,0.07748533376057942,0.1106933339436849,vfdb_418_clean.npz,R4_combo,none,50,,3,percentile,90.0,,25,4291,0,220,220,741,0,nan,nan,,0,0,0.5377132743362832,0.43854473942969524,0.0,0.0,
vfdb,418,VFL,too_short,0.1106933339436849,0.0,0.03320800018310547,0.07748533376057942,0.1106933339436849,vfdb_418_clean.npz,R5_combo_Ls100,none,100,,3,percentile,90.0,,50,4291,0,220,220,741,0,nan,nan,,0,0,0.5034123893805311,0.5630530973451326,0.0,0.0,
vfdb,419,VFL,too_short,0.011334444681803385,0.0,0.0034003334045410154,0.00793411127726237,0.011334444681803385,vfdb_419_clean.npz,R0_I0_ref,none,50,0.08,5,mean_delta,,,1,3881,0,100,19,71,0,nan,nan,,0,0,0.658,0.1717171717171718,0.9565217391304348,0.0,
vfdb,419,VFL,too_short,0.011334444681803385,0.0,0.0034003334045410154,0.00793411127726237,0.011334444681803385,vfdb_419_clean.npz,R1_hop,none,50,0.08,3,mean_delta,,,25,3881,0,100,19,71,0,nan,nan,,0,0,0.658,0.1717171717171718,0.9565217391304348,0.0,
vfdb,419,VFL,too_short,0.011334444681803385,0.0,0.0034003334045410154,0.00793411127726237,0.011334444681803385,vfdb_419_clean.npz,R2_basal_q90,none,50,,5,percentile,90.0,,1,3881,0,100,19,71,0,nan,nan,,0,0,0.658,0.1717171717171718,0.9565217391304348,0.0,
vfdb,419,VFL,too_short,0.011334444681803385,0.0,0.0034003334045410154,0.00793411127726237,0.011334444681803385,vfdb_419_clean.npz,R3_basal_mad,none,50,,5,mad,,2.5,1,3881,0,100,19,71,0,nan,nan,,0,0,0.658,0.1717171717171718,0.9565217391304348,0.0,
vfdb,419,VFL,too_short,0.011334444681803385,0.0,0.0034003334045410154,0.00793411127726237,0.011334444681803385,vfdb_419_clean.npz,R4_combo,none,50,,3,percentile,90.0,,25,3881,0,100,19,71,0,nan,nan,,0,0,0.658,0.1717171717171718,0.9565217391304348,0.0,
vfdb,419,VFL,too_short,0.011334444681803385,0.0,0.0034003334045410154,0.00793411127726237,0.011334444681803385,vfdb_419_clean.npz,R5_combo_Ls100,none,100,,3,percentile,90.0,,50,3881,0,100,19,71,0,nan,nan,,0,0,nan,nan,0.0,0.0,
vfdb,420,VT,short_15_60min,0.3972644382052951,0.0,0.13242147940176505,0.2648429588035301,0.3972644382052951,vfdb_420_clean.npz,R0_I0_ref,none,50,0.08,5,mean_delta,,,1,2973,0,543,543,1599,1,0.12426110161675347,0.27300333658854165,1109,57,57,0.4701409961685824,0.5526287782034908,0.0,0.20306513409961685,
vfdb,420,VT,short_15_60min,0.3972644382052951,0.0,0.13242147940176505,0.2648429588035301,0.3972644382052951,vfdb_420_clean.npz,R1_hop,none,50,0.08,3,mean_delta,,,25,2973,0,543,543,1599,0,nan,nan,,0,0,0.4701409961685824,0.5526287782034908,0.0,0.20306513409961685,
vfdb,420,VT,short_15_60min,0.3972644382052951,0.0,0.13242147940176505,0.2648429588035301,0.3972644382052951,vfdb_420_clean.npz,R2_basal_q90,none,50,,5,percentile,90.0,,1,2973,0,543,543,1599,1,0.23487999810112845,0.16238444010416667,667,284,284,0.4701409961685824,0.5526287782034908,0.0,0.6340996168582376,
vfdb,420,VT,short_15_60min,0.3972644382052951,0.0,0.13242147940176505,0.2648429588035301,0.3972644382052951,vfdb_420_clean.npz,R3_basal_mad,none,50,,5,mad,,2.5,1,2973,0,543,543,1599,1,0.12426110161675347,0.27300333658854165,1109,31,31,0.4701409961685824,0.5526287782034908,0.0,0.1206896551724138,
vfdb,420,VT,short_15_60min,0.3972644382052951,0.0,0.13242147940176505,0.2648429588035301,0.3972644382052951,vfdb_420_clean.npz,R4_combo,none,50,,3,percentile,90.0,,25,2973,0,543,543,1599,1,0.11563222249348953,0.2816322157118056,1143,5,5,0.4701409961685824,0.5526287782034908,0.0,0.6340996168582376,
vfdb,420,VT,short_15_60min,0.3972644382052951,0.0,0.13242147940176505,0.2648429588035301,0.3972644382052951,vfdb_420_clean.npz,R5_combo_Ls100,none,100,,3,percentile,90.0,,50,2973,0,543,543,1599,1,0.09014777289496523,0.3071166653103299,1243,4,4,0.43397739463601537,0.6566091954022989,0.0,0.6781609195402298,
vfdb,421,VT,too_short,0.24837554931640626,0.0,0.07451266479492187,0.17386288452148438,0.24837554931640626,vfdb_421_clean.npz,R0_I0_ref,none,50,0.08,5,mean_delta,,,1,4415,0,479,479,1590,1,0.11459665934244792,0.13377888997395834,861,36,36,0.41199917525773194,0.5888888888888888,0.0,0.026804123711340205,
vfdb,421,VT,too_short,0.24837554931640626,0.0,0.07451266479492187,0.17386288452148438,0.24837554931640626,vfdb_421_clean.npz,R1_hop,none,50,0.08,3,mean_delta,,,25,4415,0,479,479,1590,0,nan,nan,,0,0,0.41199917525773194,0.5888888888888888,0.0,0.026804123711340205,
vfdb,421,VT,too_short,0.24837554931640626,0.0,0.07451266479492187,0.17386288452148438,0.24837554931640626,vfdb_421_clean.npz,R2_basal_q90,none,50,,5,percentile,90.0,,1,4415,0,479,479,1590,1,0.15037999471028646,0.09799555460611979,634,98,98,0.41199917525773194,0.5888888888888888,0.0,0.09072164948453608,
vfdb,421,VT,too_short,0.24837554931640626,0.0,0.07451266479492187,0.17386288452148438,0.24837554931640626,vfdb_421_clean.npz,R3_basal_mad,none,50,,5,mad,,2.5,1,4415,0,479,479,1590,1,0.11361999511718751,0.13475555419921875,867,17,17,0.41199917525773194,0.5888888888888888,0.0,0.012371134020618556,
vfdb,421,VT,too_short,0.24837554931640626,0.0,0.07451266479492187,0.17386288452148438,0.24837554931640626,vfdb_421_clean.npz,R4_combo,none,50,,3,percentile,90.0,,25,4415,0,479,479,1590,1,0.1075066630045573,0.14086888631184896,904,1,1,0.41199917525773194,0.5888888888888888,0.0,0.09072164948453608,
vfdb,421,VT,too_short,0.24837554931640626,0.0,0.07451266479492187,0.17386288452148438,0.24837554931640626,vfdb_421_clean.npz,R5_combo_Ls100,none,100,,3,percentile,90.0,,50,4415,0,479,479,1590,0,nan,nan,,0,0,0.3685814432989691,0.6841924398625431,0.0,0.016494845360824743,
vfdb,422,VT,short_15_60min,0.37023444281684026,0.0,0.12341148093894676,0.24682296187789352,0.37023444281684026,vfdb_422_clean.npz,R0_I0_ref,none,50,0.08,5,mean_delta,,,1,3973,0,759,759,2270,1,0.24281222025553384,0.12742222256130642,782,51,51,0.4405832898172324,0.5579126776907456,0.0,0.0,
vfdb,422,VT,short_15_60min,0.37023444281684026,0.0,0.12341148093894676,0.24682296187789352,0.37023444281684026,vfdb_422_clean.npz,R1_hop,none,50,0.08,3,mean_delta,,,25,3973,0,759,759,2270,1,0.23447111341688368,0.13576332939995658,834,1,1,0.4405832898172324,0.5579126776907456,0.0,0.0,
vfdb,422,VT,short_15_60min,0.37023444281684026,0.0,0.12341148093894676,0.24682296187789352,0.37023444281684026,vfdb_422_clean.npz,R2_basal_q90,none,50,,5,percentile,90.0,,1,3973,0,759,759,2270,1,0.24088222079806856,0.1293522220187717,794,25,25,0.4405832898172324,0.5579126776907456,0.0,0.0,
vfdb,422,VT,short_15_60min,0.37023444281684026,0.0,0.12341148093894676,0.24682296187789352,0.37023444281684026,vfdb_422_clean.npz,R3_basal_mad,none,50,,5,mad,,2.5,1,3973,0,759,759,2270,1,0.2403766632080078,0.12985777960883246,797,16,16,0.4405832898172324,0.5579126776907456,0.0,0.0,
vfdb,422,VT,short_15_60min,0.37023444281684026,0.0,0.12341148093894676,0.24682296187789352,0.37023444281684026,vfdb_422_clean.npz,R4_combo,none,50,,3,percentile,90.0,,25,3973,0,759,759,2270,0,nan,nan,,0,0,0.4405832898172324,0.5579126776907456,0.0,0.0,
vfdb,422,VT,short_15_60min,0.37023444281684026,0.0,0.12341148093894676,0.24682296187789352,0.37023444281684026,vfdb_422_clean.npz,R5_combo_Ls100,none,100,,3,percentile,90.0,,50,3973,0,759,759,2270,0,nan,nan,,0,0,0.4039834203655353,0.6678633594429939,0.0,0.0,
vfdb,423,VT,too_short,0.24957222832573786,0.0,0.07487166849772135,0.1747005598280165,0.24957222832573786,vfdb_423_clean.npz,R0_I0_ref,none,50,0.08,5,mean_delta,,,1,2860,0,328,328,1105,1,0.10437445746527779,0.14519777086046007,639,9,9,0.40045165165165175,0.5937604270937604,0.0,0.03903903903903904,
vfdb,423,VT,too_short,0.24957222832573786,0.0,0.07487166849772135,0.1747005598280165,0.24957222832573786,vfdb_423_clean.npz,R1_hop,none,50,0.08,3,mean_delta,,,25,2860,0,328,328,1105,0,nan,nan,,0,0,0.40045165165165175,0.5937604270937604,0.0,0.03903903903903904,
vfdb,423,VT,too_short,0.24957222832573786,0.0,0.07487166849772135,0.1747005598280165,0.24957222832573786,vfdb_423_clean.npz,R2_basal_q90,none,50,,5,percentile,90.0,,1,2860,0,328,328,1105,1,0.17266333685980906,0.07690889146592882,337,74,74,0.40045165165165175,0.5937604270937604,0.0,0.1111111111111111,
vfdb,423,VT,too_short,0.24957222832573786,0.0,0.07487166849772135,0.1747005598280165,0.24957222832573786,vfdb_423_clean.npz,R3_basal_mad,none,50,,5,mad,,2.5,1,2860,0,328,328,1105,1,0.10482223510742189,0.14474999321831597,637,19,19,0.40045165165165175,0.5937604270937604,0.0,0.05105105105105105,
vfdb,423,VT,too_short,0.24957222832573786,0.0,0.07487166849772135,0.1747005598280165,0.24957222832573786,vfdb_423_clean.npz,R4_combo,none,50,,3,percentile,90.0,,25,2860,0,328,328,1105,0,nan,nan,,0,0,0.40045165165165175,0.5937604270937604,0.0,0.1111111111111111,
vfdb,423,VT,too_short,0.24957222832573786,0.0,0.07487166849772135,0.1747005598280165,0.24957222832573786,vfdb_423_clean.npz,R5_combo_Ls100,none,100,,3,percentile,90.0,,50,2860,0,328,328,1105,0,nan,nan,,0,0,0.3546261261261261,0.6897731064397732,0.0,0.0,
vfdb,424,VFIB,short_15_60min,0.3497211032443576,0.0,0.11657370108145254,0.23314740216290508,0.3497211032443576,vfdb_424_clean.npz,R0_I0_ref,none,50,0.08,5,mean_delta,,,1,3894,0,909,909,2682,1,0.22591888427734375,0.12380221896701389,965,22,22,0.4362600461893764,0.5566140620990505,0.0023094688221709007,0.005773672055427252,
vfdb,424,VFIB,short_15_60min,0.3497211032443576,0.0,0.11657370108145254,0.23314740216290508,0.3497211032443576,vfdb_424_clean.npz,R1_hop,none,50,0.08,3,mean_delta,,,25,3894,0,909,909,2682,0,nan,nan,,0,0,0.4362600461893764,0.5566140620990505,0.0023094688221709007,0.005773672055427252,
vfdb,424,VFIB,short_15_60min,0.3497211032443576,0.0,0.11657370108145254,0.23314740216290508,0.3497211032443576,vfdb_424_clean.npz,R2_basal_q90,none,50,,5,percentile,90.0,,1,3894,0,909,909,2682,1,0.22710221184624563,0.12261889139811198,956,103,103,0.4362600461893764,0.5566140620990505,0.0023094688221709007,0.026558891454965358,
vfdb,424,VFIB,short_15_60min,0.3497211032443576,0.0,0.11657370108145254,0.23314740216290508,0.3497211032443576,vfdb_424_clean.npz,R3_basal_mad,none,50,,5,mad,,2.5,1,3894,0,909,909,2682,1,0.22591888427734375,0.12380221896701389,965,27,27,0.4362600461893764,0.5566140620990505,0.0023094688221709007,0.005773672055427252,
vfdb,424,VFIB,short_15_60min,0.3497211032443576,0.0,0.11657370108145254,0.23314740216290508,0.3497211032443576,vfdb_424_clean.npz,R4_combo,none,50,,3,percentile,90.0,,25,3894,0,909,909,2682,0,nan,nan,,0,0,0.4362600461893764,0.5566140620990505,0.0023094688221709007,0.026558891454965358,
vfdb,424,VFIB,short_15_60min,0.3497211032443576,0.0,0.11657370108145254,0.23314740216290508,0.3497211032443576,vfdb_424_clean.npz,R5_combo_Ls100,none,100,,3,percentile,90.0,,50,3894,0,909,909,2682,0,nan,nan,,0,0,0.4065475750577367,0.6487041313831152,0.0,0.09006928406466513,
vfdb,425,VT,short_15_60min,0.25822555541992187,0.0,0.08607518513997396,0.17215037027994792,0.25822555541992187,vfdb_425_clean.npz,R0_I0_ref,none,50,0.08,5,mean_delta,,,1,2058,0,242,242,719,1,0.04535444471571179,0.21287111070421008,579,44,44,0.4523900826446281,0.5417814508723598,0.0,0.2396694214876033,
vfdb,425,VT,short_15_60min,0.25822555541992187,0.0,0.08607518513997396,0.17215037027994792,0.25822555541992187,vfdb_425_clean.npz,R1_hop,none,50,0.08,3,mean_delta,,,25,2058,0,242,242,719,0,nan,nan,,0,0,0.4523900826446281,0.5417814508723598,0.0,0.2396694214876033,
vfdb,425,VT,short_15_60min,0.25822555541992187,0.0,0.08607518513997396,0.17215037027994792,0.25822555541992187,vfdb_425_clean.npz,R2_basal_q90,none,50,,5,percentile,90.0,,1,2058,0,242,242,719,1,0.11897555881076388,0.139249996609158,381,117,117,0.4523900826446281,0.5417814508723598,0.0,0.47520661157024796,
vfdb,425,VT,short_15_60min,0.25822555541992187,0.0,0.08607518513997396,0.17215037027994792,0.25822555541992187,vfdb_425_clean.npz,R3_basal_mad,none,50,,5,mad,,2.5,1,2058,0,242,242,719,1,0.04535444471571179,0.21287111070421008,579,53,53,0.4523900826446281,0.5417814508723598,0.0,0.26859504132231404,
vfdb,425,VT,short_15_60min,0.25822555541992187,0.0,0.08607518513997396,0.17215037027994792,0.25822555541992187,vfdb_425_clean.npz,R4_combo,none,50,,3,percentile,90.0,,25,2058,0,242,242,719,1,0.03039443969726563,0.22783111572265624,617,1,1,0.4523900826446281,0.5417814508723598,0.0,0.47520661157024796,
vfdb,425,VT,short_15_60min,0.25822555541992187,0.0,0.08607518513997396,0.17215037027994792,0.25822555541992187,vfdb_425_clean.npz,R5_combo_Ls100,none,100,,3,percentile,90.0,,50,2058,0,242,242,719,1,0.0057388814290364465,0.2524866739908854,692,1,1,0.4120735537190082,0.6388888888888891,0.0,0.5495867768595041,
vfdb,426,VF,too_short,0.179368896484375,0.0,0.0538106689453125,0.1255582275390625,0.179368896484375,vfdb_426_clean.npz,R0_I0_ref,none,50,0.08,5,mean_delta,,,1,3701,0,217,217,732,0,nan,nan,,0,0,0.3958051724137931,0.6119492337164751,0.0,0.0,
vfdb,426,VF,too_short,0.179368896484375,0.0,0.0538106689453125,0.1255582275390625,0.179368896484375,vfdb_426_clean.npz,R1_hop,none,50,0.08,3,mean_delta,,,25,3701,0,217,217,732,0,nan,nan,,0,0,0.3958051724137931,0.6119492337164751,0.0,0.0,
vfdb,426,VF,too_short,0.179368896484375,0.0,0.0538106689453125,0.1255582275390625,0.179368896484375,vfdb_426_clean.npz,R2_basal_q90,none,50,,5,percentile,90.0,,1,3701,0,217,217,732,0,nan,nan,,0,0,0.3958051724137931,0.6119492337164751,0.0,0.0,
vfdb,426,VF,too_short,0.179368896484375,0.0,0.0538106689453125,0.1255582275390625,0.179368896484375,vfdb_426_clean.npz,R3_basal_mad,none,50,,5,mad,,2.5,1,3701,0,217,217,732,0,nan,nan,,0,0,0.3958051724137931,0.6119492337164751,0.0,0.0,
vfdb,426,VF,too_short,0.179368896484375,0.0,0.0538106689453125,0.1255582275390625,0.179368896484375,vfdb_426_clean.npz,R4_combo,none,50,,3,percentile,90.0,,25,3701,0,217,217,732,0,nan,nan,,0,0,0.3958051724137931,0.6119492337164751,0.0,0.0,
vfdb,426,VF,too_short,0.179368896484375,0.0,0.0538106689453125,0.1255582275390625,0.179368896484375,vfdb_426_clean.npz,R5_combo_Ls100,none,100,,3,percentile,90.0,,50,3701,0,217,217,732,0,nan,nan,,0,0,0.3716719827586207,0.6846264367816091,0.0,0.0,
vfdb,427,VT,too_short,0.18013776991102431,0.0,0.054041330973307294,0.12609643893771702,0.18013776991102431,vfdb_427_clean.npz,R0_I0_ref,none,50,0.08,5,mean_delta,,,1,4241,0,237,237,801,1,0.09281110127766928,0.08732666863335503,385,3,3,0.42394403292181077,0.5807041609510745,0.0,0.0,
vfdb,427,VT,too_short,0.18013776991102431,0.0,0.054041330973307294,0.12609643893771702,0.18013776991102431,vfdb_427_clean.npz,R1_hop,none,50,0.08,3,mean_delta,,,25,4241,0,237,237,801,0,nan,nan,,0,0,0.42394403292181077,0.5807041609510745,0.0,0.0,
vfdb,427,VT,too_short,0.18013776991102431,0.0,0.054041330973307294,0.12609643893771702,0.18013776991102431,vfdb_427_clean.npz,R2_basal_q90,none,50,,5,percentile,90.0,,1,4241,0,237,237,801,1,0.09415999518500436,0.08597777472601996,379,43,43,0.42394403292181077,0.5807041609510745,0.0,0.07407407407407407,
vfdb,427,VT,too_short,0.18013776991102431,0.0,0.054041330973307294,0.12609643893771702,0.18013776991102431,vfdb_427_clean.npz,R3_basal_mad,none,50,,5,mad,,2.5,1,4241,0,237,237,801,0,nan,nan,,0,0,0.42394403292181077,0.5807041609510745,0.0,0.0,
vfdb,427,VT,too_short,0.18013776991102431,0.0,0.054041330973307294,0.12609643893771702,0.18013776991102431,vfdb_427_clean.npz,R4_combo,none,50,,3,percentile,90.0,,25,4241,0,237,237,801,0,nan,nan,,0,0,0.42394403292181077,0.5807041609510745,0.0,0.07407407407407407,
vfdb,427,VT,too_short,0.18013776991102431,0.0,0.054041330973307294,0.12609643893771702,0.18013776991102431,vfdb_427_clean.npz,R5_combo_Ls100,none,100,,3,percentile,90.0,,50,4241,0,237,237,801,0,nan,nan,,0,0,0.38989259259259257,0.6754686785550984,0.0,0.0,
vfdb,428,VT,short_15_60min,0.4687388780381944,0.0,0.15624629267939813,0.31249258535879626,0.4687388780381944,vfdb_428_clean.npz,R0_I0_ref,none,50,0.08,5,mean_delta,,,1,3272,0,814,814,2462,0,nan,nan,,0,0,0.4153847619047619,0.5782407407407407,0.0,0.0011904761904761906,
vfdb,428,VT,short_15_60min,0.4687388780381944,0.0,0.15624629267939813,0.31249258535879626,0.4687388780381944,vfdb_428_clean.npz,R1_hop,none,50,0.08,3,mean_delta,,,25,3272,0,814,814,2462,0,nan,nan,,0,0,0.4153847619047619,0.5782407407407407,0.0,0.0011904761904761906,
vfdb,428,VT,short_15_60min,0.4687388780381944,0.0,0.15624629267939813,0.31249258535879626,0.4687388780381944,vfdb_428_clean.npz,R2_basal_q90,none,50,,5,percentile,90.0,,1,3272,0,814,814,2462,1,0.20001664903428817,0.26872222900390624,1394,5,5,0.4153847619047619,0.5782407407407407,0.0,0.013095238095238096,
vfdb,428,VT,short_15_60min,0.4687388780381944,0.0,0.15624629267939813,0.31249258535879626,0.4687388780381944,vfdb_428_clean.npz,R3_basal_mad,none,50,,5,mad,,2.5,1,3272,0,814,814,2462,0,nan,nan,,0,0,0.4153847619047619,0.5782407407407407,0.0,0.0,
vfdb,428,VT,short_15_60min,0.4687388780381944,0.0,0.15624629267939813,0.31249258535879626,0.4687388780381944,vfdb_428_clean.npz,R4_combo,none,50,,3,percentile,90.0,,25,3272,0,814,814,2462,0,nan,nan,,0,0,0.4153847619047619,0.5782407407407407,0.0,0.013095238095238096,
vfdb,428,VT,short_15_60min,0.4687388780381944,0.0,0.15624629267939813,0.31249258535879626,0.4687388780381944,vfdb_428_clean.npz,R5_combo_Ls100,none,100,,3,percentile,90.0,,50,3272,0,814,814,2462,0,nan,nan,,0,0,0.37615178571428576,0.6790013227513227,0.0,0.0,
vfdb,429,VT,too_short,0.11181555853949653,0.0,0.033544667561848956,0.07827089097764757,0.11181555853949653,vfdb_429_clean.npz,R0_I0_ref,none,50,0.08,5,mean_delta,,,1,3609,0,196,196,659,0,nan,nan,,0,0,0.36887474747474747,0.5750561167227832,0.0,0.0,
vfdb,429,VT,too_short,0.11181555853949653,0.0,0.033544667561848956,0.07827089097764757,0.11181555853949653,vfdb_429_clean.npz,R1_hop,none,50,0.08,3,mean_delta,,,25,3609,0,196,196,659,0,nan,nan,,0,0,0.36887474747474747,0.5750561167227832,0.0,0.0,
vfdb,429,VT,too_short,0.11181555853949653,0.0,0.033544667561848956,0.07827089097764757,0.11181555853949653,vfdb_429_clean.npz,R2_basal_q90,none,50,,5,percentile,90.0,,1,3609,0,196,196,659,0,nan,nan,,0,0,0.36887474747474747,0.5750561167227832,0.0,0.0,
vfdb,429,VT,too_short,0.11181555853949653,0.0,0.033544667561848956,0.07827089097764757,0.11181555853949653,vfdb_429_clean.npz,R3_basal_mad,none,50,,5,mad,,2.5,1,3609,0,196,196,659,0,nan,nan,,0,0,0.36887474747474747,0.5750561167227832,0.0,0.0,
vfdb,429,VT,too_short,0.11181555853949653,0.0,0.033544667561848956,0.07827089097764757,0.11181555853949653,vfdb_429_clean.npz,R4_combo,none,50,,3,percentile,90.0,,25,3609,0,196,196,659,0,nan,nan,,0,0,0.36887474747474747,0.5750561167227832,0.0,0.0,
vfdb,429,VT,too_short,0.11181555853949653,0.0,0.033544667561848956,0.07827089097764757,0.11181555853949653,vfdb_429_clean.npz,R5_combo_Ls100,none,100,,3,percentile,90.0,,50,3609,0,196,196,659,0,nan,nan,,0,0,0.33329292929292925,0.6658249158249158,0.0,0.0,
vfdb,430,VT,too_short,0.05766999986436632,0.0,0.017300999959309896,0.04036899990505642,0.05766999986436632,vfdb_430_clean.npz,R0_I0_ref,none,50,0.08,5,mean_delta,,,1,4845,0,113,113,378,0,nan,nan,,0,0,0.5393168141592921,0.4491150442477877,0.10619469026548672,0.0,
vfdb,430,VT,too_short,0.05766999986436632,0.0,0.017300999959309896,0.04036899990505642,0.05766999986436632,vfdb_430_clean.npz,R1_hop,none,50,0.08,3,mean_delta,,,25,4845,0,113,113,378,0,nan,nan,,0,0,0.5393168141592921,0.4491150442477877,0.10619469026548672,0.0,
vfdb,430,VT,too_short,0.05766999986436632,0.0,0.017300999959309896,0.04036899990505642,0.05766999986436632,vfdb_430_clean.npz,R2_basal_q90,none,50,,5,percentile,90.0,,1,4845,0,113,113,378,0,nan,nan,,0,0,0.5393168141592921,0.4491150442477877,0.10619469026548672,0.0,
vfdb,430,VT,too_short,0.05766999986436632,0.0,0.017300999959309896,0.04036899990505642,0.05766999986436632,vfdb_430_clean.npz,R3_basal_mad,none,50,,5,mad,,2.5,1,4845,0,113,113,378,0,nan,nan,,0,0,0.5393168141592921,0.4491150442477877,0.10619469026548672,0.0,
vfdb,430,VT,too_short,0.05766999986436632,0.0,0.017300999959309896,0.04036899990505642,0.05766999986436632,vfdb_430_clean.npz,R4_combo,none,50,,3,percentile,90.0,,25,4845,0,113,113,378,0,nan,nan,,0,0,0.5393168141592921,0.4491150442477877,0.10619469026548672,0.0,
vfdb,430,VT,too_short,0.05766999986436632,0.0,0.017300999959309896,0.04036899990505642,0.05766999986436632,vfdb_430_clean.npz,R5_combo_Ls100,none,100,,3,percentile,90.0,,50,4845,0,113,113,378,0,nan,nan,,0,0,0.5289929203539823,0.5041789577187807,0.0,0.0,
vfdb,602,VT,too_short,0.134750001695421,0.0,0.0404250005086263,0.0943250011867947,0.134750001695421,vfdb_602_clean.npz,R0_I0_ref,none,50,0.08,5,mean_delta,,,1,2963,0,179,179,602,0,nan,nan,,0,0,0.4706525139664805,0.5119490999379267,0.0,0.027932960893854747,
vfdb,602,VT,too_short,0.134750001695421,0.0,0.0404250005086263,0.0943250011867947,0.134750001695421,vfdb_602_clean.npz,R1_hop,none,50,0.08,3,mean_delta,,,25,2963,0,179,179,602,0,nan,nan,,0,0,0.4706525139664805,0.5119490999379267,0.0,0.027932960893854747,
vfdb,602,VT,too_short,0.134750001695421,0.0,0.0404250005086263,0.0943250011867947,0.134750001695421,vfdb_602_clean.npz,R2_basal_q90,none,50,,5,percentile,90.0,,1,2963,0,179,179,602,1,0.09025666978624132,0.04449333190917969,197,15,15,0.4706525139664805,0.5119490999379267,0.0,0.1005586592178771,
vfdb,602,VT,too_short,0.134750001695421,0.0,0.0404250005086263,0.0943250011867947,0.134750001695421,vfdb_602_clean.npz,R3_basal_mad,none,50,,5,mad,,2.5,1,2963,0,179,179,602,0,nan,nan,,0,0,0.4706525139664805,0.5119490999379267,0.0,0.0223463687150838,
vfdb,602,VT,too_short,0.134750001695421,0.0,0.0404250005086263,0.0943250011867947,0.134750001695421,vfdb_602_clean.npz,R4_combo,none,50,,3,percentile,90.0,,25,2963,0,179,179,602,0,nan,nan,,0,0,0.4706525139664805,0.5119490999379267,0.0,0.1005586592178771,
vfdb,602,VT,too_short,0.134750001695421,0.0,0.0404250005086263,0.0943250011867947,0.134750001695421,vfdb_602_clean.npz,R5_combo_Ls100,none,100,,3,percentile,90.0,,50,2963,0,179,179,602,0,nan,nan,,0,0,0.4329122905027933,0.6376474239602731,0.0,0.0223463687150838,
vfdb,605,VT,short_15_60min,0.45771331787109376,0.0,0.15257110595703124,0.3051422119140625,0.45771331787109376,vfdb_605_clean.npz,R0_I0_ref,none,50,0.08,5,mean_delta,,,1,1881,0,430,430,1270,1,0.28871220906575523,0.16900110880533853,472,9,9,0.422988679245283,0.577961215932914,0.0,0.0047169811320754715,
vfdb,605,VT,short_15_60min,0.45771331787109376,0.0,0.15257110595703124,0.3051422119140625,0.45771331787109376,vfdb_605_clean.npz,R1_hop,none,50,0.08,3,mean_delta,,,25,1881,0,430,430,1270,0,nan,nan,,0,0,0.422988679245283,0.577961215932914,0.0,0.0047169811320754715,
vfdb,605,VT,short_15_60min,0.45771331787109376,0.0,0.15257110595703124,0.3051422119140625,0.45771331787109376,vfdb_605_clean.npz,R2_basal_q90,none,50,,5,percentile,90.0,,1,1881,0,430,430,1270,1,0.28912887573242185,0.16858444213867188,471,31,31,0.422988679245283,0.577961215932914,0.0,0.049528301886792456,
vfdb,605,VT,short_15_60min,0.45771331787109376,0.0,0.15257110595703124,0.3051422119140625,0.45771331787109376,vfdb_605_clean.npz,R3_basal_mad,none,50,,5,mad,,2.5,1,1881,0,430,430,1270,0,nan,nan,,0,0,0.422988679245283,0.577961215932914,0.0,0.0,
vfdb,605,VT,short_15_60min,0.45771331787109376,0.0,0.15257110595703124,0.3051422119140625,0.45771331787109376,vfdb_605_clean.npz,R4_combo,none,50,,3,percentile,90.0,,25,1881,0,430,430,1270,0,nan,nan,,0,0,0.422988679245283,0.577961215932914,0.0,0.049528301886792456,
vfdb,605,VT,short_15_60min,0.45771331787109376,0.0,0.15257110595703124,0.3051422119140625,0.45771331787109376,vfdb_605_clean.npz,R5_combo_Ls100,none,100,,3,percentile,90.0,,50,1881,0,430,430,1270,0,nan,nan,,0,0,0.3824771226415094,0.6531708595387841,0.0,0.0,
vfdb,607,VT,too_short,0.037178887261284724,0.0,0.011153666178385417,0.026025221082899307,0.037178887261284724,vfdb_607_clean.npz,R0_I0_ref,none,50,0.08,5,mean_delta,,,1,1856,0,100,27,99,0,nan,nan,,0,0,0.46645000000000003,0.4809027777777778,0.0,0.0,
vfdb,607,VT,too_short,0.037178887261284724,0.0,0.011153666178385417,0.026025221082899307,0.037178887261284724,vfdb_607_clean.npz,R1_hop,none,50,0.08,3,mean_delta,,,25,1856,0,100,27,99,0,nan,nan,,0,0,0.46645000000000003,0.4809027777777778,0.0,0.0,
vfdb,607,VT,too_short,0.037178887261284724,0.0,0.011153666178385417,0.026025221082899307,0.037178887261284724,vfdb_607_clean.npz,R2_basal_q90,none,50,,5,percentile,90.0,,1,1856,0,100,27,99,0,nan,nan,,0,0,0.46645000000000003,0.4809027777777778,0.0,0.0,
vfdb,607,VT,too_short,0.037178887261284724,0.0,0.011153666178385417,0.026025221082899307,0.037178887261284724,vfdb_607_clean.npz,R3_basal_mad,none,50,,5,mad,,2.5,1,1856,0,100,27,99,0,nan,nan,,0,0,0.46645000000000003,0.4809027777777778,0.0,0.0,
vfdb,607,VT,too_short,0.037178887261284724,0.0,0.011153666178385417,0.026025221082899307,0.037178887261284724,vfdb_607_clean.npz,R4_combo,none,50,,3,percentile,90.0,,25,1856,0,100,27,99,0,nan,nan,,0,0,0.46645000000000003,0.4809027777777778,0.0,0.0,
vfdb,607,VT,too_short,0.037178887261284724,0.0,0.011153666178385417,0.026025221082899307,0.037178887261284724,vfdb_607_clean.npz,R5_combo_Ls100,none,100,,3,percentile,90.0,,50,1856,0,100,27,99,0,nan,nan,,0,0,nan,nan,0.0,0.0,
vfdb,609,VFL,short_15_60min,0.28363888210720484,0.0,0.09454629403573495,0.1890925880714699,0.28363888210720484,vfdb_609_clean.npz,R0_I0_ref,none,50,0.08,5,mean_delta,,,1,2196,0,364,364,1076,1,0.18631443447536888,0.09732444763183594,374,7,7,0.4467820728291316,0.5734516028633675,0.0,0.0,
vfdb,609,VFL,short_15_60min,0.28363888210720484,0.0,0.09454629403573495,0.1890925880714699,0.28363888210720484,vfdb_609_clean.npz,R1_hop,none,50,0.08,3,mean_delta,,,25,2196,0,364,364,1076,0,nan,nan,,0,0,0.4467820728291316,0.5734516028633675,0.0,0.0,
vfdb,609,VFL,short_15_60min,0.28363888210720484,0.0,0.09454629403573495,0.1890925880714699,0.28363888210720484,vfdb_609_clean.npz,R2_basal_q90,none,50,,5,percentile,90.0,,1,2196,0,364,364,1076,1,0.18783665974934893,0.0958022223578559,368,31,31,0.4467820728291316,0.5734516028633675,0.0,0.028011204481792718,
vfdb,609,VFL,short_15_60min,0.28363888210720484,0.0,0.09454629403573495,0.1890925880714699,0.28363888210720484,vfdb_609_clean.npz,R3_basal_mad,none,50,,5,mad,,2.5,1,2196,0,364,364,1076,1,0.18631443447536888,0.09732444763183594,374,7,7,0.4467820728291316,0.5734516028633675,0.0,0.0,
vfdb,609,VFL,short_15_60min,0.28363888210720484,0.0,0.09454629403573495,0.1890925880714699,0.28363888210720484,vfdb_609_clean.npz,R4_combo,none,50,,3,percentile,90.0,,25,2196,0,364,364,1076,0,nan,nan,,0,0,0.4467820728291316,0.5734516028633675,0.0,0.028011204481792718,
vfdb,609,VFL,short_15_60min,0.28363888210720484,0.0,0.09454629403573495,0.1890925880714699,0.28363888210720484,vfdb_609_clean.npz,R5_combo_Ls100,none,100,,3,percentile,90.0,,50,2196,0,364,364,1076,0,nan,nan,,0,0,0.4041114845938376,0.6782601929660754,0.0,0.0,
vfdb,610,VT,short_15_60min,0.5109611002604166,0.0,0.1703203667534722,0.3406407335069444,0.5109611002604166,vfdb_610_clean.npz,R0_I0_ref,none,50,0.08,5,mean_delta,,,1,2115,0,621,621,1846,1,0.33188888549804685,0.17907221476236979,654,94,94,0.4750991922455574,0.5178603482319153,0.0,0.10823909531502424,
vfdb,610,VT,short_15_60min,0.5109611002604166,0.0,0.1703203667534722,0.3406407335069444,0.5109611002604166,vfdb_610_clean.npz,R1_hop,none,50,0.08,3,mean_delta,,,25,2115,0,621,621,1846,0,nan,nan,,0,0,0.4750991922455574,0.5178603482319153,0.0,0.10823909531502424,
vfdb,610,VT,short_15_60min,0.5109611002604166,0.0,0.1703203667534722,0.3406407335069444,0.5109611002604166,vfdb_610_clean.npz,R2_basal_q90,none,50,,5,percentile,90.0,,1,2115,0,621,621,1846,1,0.3343077596028645,0.1766533406575521,644,167,167,0.4750991922455574,0.5178603482319153,0.0,0.1583198707592892,
vfdb,610,VT,short_15_60min,0.5109611002604166,0.0,0.1703203667534722,0.3406407335069444,0.5109611002604166,vfdb_610_clean.npz,R3_basal_mad,none,50,,5,mad,,2.5,1,2115,0,621,621,1846,1,0.33167777167426216,0.1792833285861545,655,46,46,0.4750991922455574,0.5178603482319153,0.0,0.06946688206785137,
vfdb,610,VT,short_15_60min,0.5109611002604166,0.0,0.1703203667534722,0.3406407335069444,0.5109611002604166,vfdb_610_clean.npz,R4_combo,none,50,,3,percentile,90.0,,25,2115,0,621,621,1846,1,0.12943888346354165,0.381522216796875,1396,1,1,0.4750991922455574,0.5178603482319153,0.0,0.1583198707592892,
vfdb,610,VT,short_15_60min,0.5109611002604166,0.0,0.1703203667534722,0.3406407335069444,0.5109611002604166,vfdb_610_clean.npz,R5_combo_Ls100,none,100,,3,percentile,90.0,,50,2115,0,621,621,1846,1,0.31259777492947044,0.1983633253309462,721,2,2,0.43464022617124387,0.6222401723209479,0.0,0.5218093699515347,
vfdb,611,VT,short_15_60min,0.3322855631510417,0.0,0.11076185438368057,0.22152370876736113,0.3322855631510417,vfdb_611_clean.npz,R0_I0_ref,none,50,0.08,5,mean_delta,,,1,4121,0,621,621,1874,1,0.1965122307671441,0.13577333238389758,761,402,402,0.4853658692185007,0.460482013113592,0.11802232854864433,0.6730462519936204,
vfdb,611,VT,short_15_60min,0.3322855631510417,0.0,0.11076185438368057,0.22152370876736113,0.3322855631510417,vfdb_611_clean.npz,R1_hop,none,50,0.08,3,mean_delta,,,25,4121,0,621,621,1874,1,0.07131222195095488,0.2609733412000868,1471,14,14,0.4853658692185007,0.460482013113592,0.11802232854864433,0.6730462519936204,
vfdb,611,VT,short_15_60min,0.3322855631510417,0.0,0.11076185438368057,0.22152370876736113,0.3322855631510417,vfdb_611_clean.npz,R2_basal_q90,none,50,,5,percentile,90.0,,1,4121,0,621,621,1874,1,0.19686889648437503,0.13541666666666666,759,498,498,0.4853658692185007,0.460482013113592,0.11802232854864433,0.733652312599681,
vfdb,611,VT,short_15_60min,0.3322855631510417,0.0,0.11076185438368057,0.22152370876736113,0.3322855631510417,vfdb_611_clean.npz,R3_basal_mad,none,50,,5,mad,,2.5,1,4121,0,621,621,1874,1,0.08261555989583336,0.24967000325520833,1407,332,332,0.4853658692185007,0.460482013113592,0.11802232854864433,0.5901116427432217,
vfdb,611,VT,short_15_60min,0.3322855631510417,0.0,0.11076185438368057,0.22152370876736113,0.3322855631510417,vfdb_611_clean.npz,R4_combo,none,50,,3,percentile,90.0,,25,4121,0,621,621,1874,1,0.07575112236870662,0.25653444078233506,1446,18,18,0.4853658692185007,0.460482013113592,0.11802232854864433,0.733652312599681,
vfdb,611,VT,short_15_60min,0.3322855631510417,0.0,0.11076185438368057,0.22152370876736113,0.3322855631510417,vfdb_611_clean.npz,R5_combo_Ls100,none,100,,3,percentile,90.0,,50,4121,0,621,621,1874,1,0.05369556003146703,0.27859000311957466,1571,7,7,0.4511251993620415,0.5615364167995747,0.0,0.7208931419457735,
vfdb,612,VT,short_15_60min,0.4742733425564236,0.0,0.15809111418547453,0.31618222837094906,0.4742733425564236,vfdb_612_clean.npz,R0_I0_ref,none,50,0.08,5,mean_delta,,,1,2456,0,473,473,1481,1,0.2807688903808594,0.19350445217556422,580,80,80,0.45000862745098036,0.5371459694989107,0.052941176470588235,0.16666666666666666,
vfdb,612,VT,short_15_60min,0.4742733425564236,0.0,0.15809111418547453,0.31618222837094906,0.4742733425564236,vfdb_612_clean.npz,R1_hop,none,50,0.08,3,mean_delta,,,25,2456,0,473,473,1481,1,0.0008844672309027968,0.4733888753255208,1473,1,1,0.45000862745098036,0.5371459694989107,0.052941176470588235,0.16666666666666666,
vfdb,612,VT,short_15_60min,0.4742733425564236,0.0,0.15809111418547453,0.31618222837094906,0.4742733425564236,vfdb_612_clean.npz,R2_basal_q90,none,50,,5,percentile,90.0,,1,2456,0,473,473,1481,1,0.2820066833496094,0.19226665920681424,576,136,136,0.45000862745098036,0.5371459694989107,0.052941176470588235,0.2372549019607843,
vfdb,612,VT,short_15_60min,0.4742733425564236,0.0,0.15809111418547453,0.31618222837094906,0.4742733425564236,vfdb_612_clean.npz,R3_basal_mad,none,50,,5,mad,,2.5,1,2456,0,473,473,1481,0,nan,nan,,0,0,0.45000862745098036,0.5371459694989107,0.052941176470588235,0.0,
vfdb,612,VT,short_15_60min,0.4742733425564236,0.0,0.15809111418547453,0.31618222837094906,0.4742733425564236,vfdb_612_clean.npz,R4_combo,none,50,,3,percentile,90.0,,25,2456,0,473,473,1481,1,0.0072499932183159865,0.46702334933810763,1448,2,2,0.45000862745098036,0.5371459694989107,0.052941176470588235,0.2372549019607843,
vfdb,612,VT,short_15_60min,0.4742733425564236,0.0,0.15809111418547453,0.31618222837094906,0.4742733425564236,vfdb_612_clean.npz,R5_combo_Ls100,none,100,,3,percentile,90.0,,50,2456,0,473,473,1481,0,nan,nan,,0,0,0.4076782352941177,0.6320261437908498,0.0,0.19411764705882353,
vfdb,614,VT,short_15_60min,0.3954910956488715,0.0,0.13183036521629052,0.26366073043258104,0.3954910956488715,vfdb_614_clean.npz,R0_I0_ref,none,50,0.08,5,mean_delta,,,1,3474,0,433,433,1582,1,0.2452766587999132,0.15021443684895833,497,117,117,0.44475073313783,0.5319729553600521,0.016129032258064516,0.187683284457478,
vfdb,614,VT,short_15_60min,0.3954910956488715,0.0,0.13183036521629052,0.26366073043258104,0.3954910956488715,vfdb_614_clean.npz,R1_hop,none,50,0.08,3,mean_delta,,,25,3474,0,433,433,1582,0,nan,nan,,0,0,0.44475073313783,0.5319729553600521,0.016129032258064516,0.187683284457478,
vfdb,614,VT,short_15_60min,0.3954910956488715,0.0,0.13183036521629052,0.26366073043258104,0.3954910956488715,vfdb_614_clean.npz,R2_basal_q90,none,50,,5,percentile,90.0,,1,3474,0,433,433,1582,1,0.24988998413085936,0.14560111151801217,480,293,293,0.44475073313783,0.5319729553600521,0.016129032258064516,0.3357771260997067,
vfdb,614,VT,short_15_60min,0.3954910956488715,0.0,0.13183036521629052,0.26366073043258104,0.3954910956488715,vfdb_614_clean.npz,R3_basal_mad,none,50,,5,mad,,2.5,1,3474,0,433,433,1582,1,0.13298887464735243,0.2625022210015191,894,40,40,0.44475073313783,0.5319729553600521,0.016129032258064516,0.05865102639296188,
vfdb,614,VT,short_15_60min,0.3954910956488715,0.0,0.13183036521629052,0.26366073043258104,0.3954910956488715,vfdb_614_clean.npz,R4_combo,none,50,,3,percentile,90.0,,25,3474,0,433,433,1582,1,0.1255899895562066,0.26990110609266493,933,2,2,0.44475073313783,0.5319729553600521,0.016129032258064516,0.3357771260997067,
vfdb,614,VT,short_15_60min,0.3954910956488715,0.0,0.13183036521629052,0.26366073043258104,0.3954910956488715,vfdb_614_clean.npz,R5_combo_Ls100,none,100,,3,percentile,90.0,,50,3474,0,433,433,1582,0,nan,nan,,0,0,0.40847228739002944,0.6453649397197785,0.0,0.33724340175953077,
vfdb,615,VT,too_short,0.09078999837239583,0.0,0.02723699951171875,0.06355299886067708,0.09078999837239583,vfdb_615_clean.npz,R0_I0_ref,none,50,0.08,5,mean_delta,,,1,1586,0,100,70,237,0,nan,nan,,0,0,0.42874366197183095,0.5923317683881067,0.0,0.0,
vfdb,615,VT,too_short,0.09078999837239583,0.0,0.02723699951171875,0.06355299886067708,0.09078999837239583,vfdb_615_clean.npz,R1_hop,none,50,0.08,3,mean_delta,,,25,1586,0,100,70,237,0,nan,nan,,0,0,0.42874366197183095,0.5923317683881067,0.0,0.0,
vfdb,615,VT,too_short,0.09078999837239583,0.0,0.02723699951171875,0.06355299886067708,0.09078999837239583,vfdb_615_clean.npz,R2_basal_q90,none,50,,5,percentile,90.0,,1,1586,0,100,70,237,0,nan,nan,,0,0,0.42874366197183095,0.5923317683881067,0.0,0.0,
vfdb,615,VT,too_short,0.09078999837239583,0.0,0.02723699951171875,0.06355299886067708,0.09078999837239583,vfdb_615_clean.npz,R3_basal_mad,none,50,,5,mad,,2.5,1,1586,0,100,70,237,0,nan,nan,,0,0,0.42874366197183095,0.5923317683881067,0.0,0.0,
vfdb,615,VT,too_short,0.09078999837239583,0.0,0.02723699951171875,0.06355299886067708,0.09078999837239583,vfdb_615_clean.npz,R4_combo,none,50,,3,percentile,90.0,,25,1586,0,100,70,237,0,nan,nan,,0,0,0.42874366197183095,0.5923317683881067,0.0,0.0,
vfdb,615,VT,too_short,0.09078999837239583,0.0,0.02723699951171875,0.06355299886067708,0.09078999837239583,vfdb_615_clean.npz,R5_combo_Ls100,none,100,,3,percentile,90.0,,50,1586,0,100,70,237,0,nan,nan,,0,0,0.4045,0.6400625978090765,0.0,0.5774647887323944,
