proxy_id,cohort,record_id,source_path,total_hours_used,L,m,n_surr,surr_method,high_abs,high_sex,high_sz,skipped,skip_reason,n_symbols,basal_start,basal_end,search_hours,mean_S,median_S,std_S,p90_S,frac_S_ge_0p40,n_episodes_S,episode_rate_S_per_24h,mean_S_surr_med,mean_S_surr_mean,mean_Sex,median_Sex,std_Sex,p90_Sex,frac_Sex_ge_0,frac_Sex_ge_high,n_episodes_Sex,episode_rate_Sex_per_24h,mean_Sz,median_Sz,std_Sz,p90_Sz,frac_Sz_ge_2,n_episodes_Sz,episode_rate_Sz_per_24h
P2-10,nsrdb,16265,nsrdb_16265_clean.npz,12.0,50,3,19,phase,0.4,0.05,2.0,False,,61579,0.25,2.0,10.0,0.2663950528197627,0.26480000000000004,0.041325313521983174,0.3196,0.0022428083861530963,9,21.6,0.2685518413781895,0.2699654744369456,-0.002156788558426783,-0.0040000000000000036,0.04138658927686247,0.05120000000000002,0.4621647976596782,0.10476190476190476,263,631.2,-0.08884919849273344,-0.14222287143894555,1.1156669630276643,1.3211328070260009,0.03733138306517146,106,254.39999999999998
P2-10,nsrdb,16272,nsrdb_16272_clean.npz,12.0,50,3,19,phase,0.4,0.05,2.0,False,,44722,0.25,2.0,10.0,0.27152241398607657,0.2692,0.04312413784788984,0.328,0.005260448145412218,9,21.6,0.27063824681575,0.27208346734810973,0.0008841671703265962,-0.0011999999999999789,0.04366365242190504,0.057999999999999996,0.4905423857811206,0.1299218767488192,213,511.20000000000005,-0.004832712713991414,-0.06695801933290255,1.1559692308324538,1.4562416148817177,0.04864235668076915,98,235.20000000000002
P2-10,nsrdb,16273,nsrdb_16273_clean.npz,12.0,50,3,19,phase,0.4,0.05,2.0,False,,56188,0.25,2.0,10.0,0.27665236644756763,0.274,0.04526925719045736,0.336,0.006929229234578457,24,57.599999999999994,0.27601839719268245,0.27761120789469,0.000633969254885196,-0.0015999999999999348,0.045487859725049186,0.05999999999999989,0.4885730062879638,0.13935054062238372,278,667.2,-0.029410084478129015,-0.07317798897793297,1.160381725505968,1.4434079252129821,0.04700831863766722,123,295.20000000000005
P2-10,nsrdb,16420,nsrdb_16420_clean.npz,12.0,50,3,19,phase,0.4,0.05,2.0,False,,60906,0.25,2.0,10.0,0.27931186223441845,0.27440000000000003,0.052368344898818336,0.34359999999999996,0.02353057166800861,43,103.19999999999999,0.2747954056230179,0.27640577989990345,0.004516456611400497,0.00039999999999995595,0.051947725327777965,0.06720000000000004,0.5029331054767734,0.16316939711126083,296,710.4000000000001,0.0620439905282932,-0.03555944825960889,1.2976971208352197,1.6295096215297187,0.0659743332730828,148,355.20000000000005
P2-10,nsrdb,16483,nsrdb_16483_clean.npz,12.0,50,3,19,phase,0.4,0.05,2.0,False,,63855,0.25,2.0,10.0,0.2600981098956211,0.2592,0.04213407697419113,0.3148,0.00036046766761746544,1,2.4000000000000004,0.26709886217597095,0.2685618937008069,-0.007000752280349809,-0.008399999999999963,0.04141199603650147,0.047199999999999964,0.4233614393630693,0.08901984139422625,217,520.8,-0.2232655050187283,-0.2530972189857298,1.1156225596223952,1.1990502088645765,0.02648653731623985,83,199.20000000000002
P2-10,nsrdb,16539,nsrdb_16539_clean.npz,12.0,50,3,19,phase,0.4,0.05,2.0,False,,58645,0.25,2.0,10.0,0.2682800054611236,0.266,0.042945598190725964,0.324,0.004181172776298724,9,21.6,0.26936486449587005,0.2705834481247148,-0.0010848590347463981,-0.0031999999999999806,0.04356145873977707,0.05520000000000008,0.471738685234487,0.12081029421803537,262,628.8,-0.05759556508256807,-0.10627967713929985,1.1509769584391496,1.4136418759996952,0.04324527271486108,108,259.20000000000005
P2-10,nsrdb,16773,nsrdb_16773_clean.npz,12.0,50,3,19,phase,0.4,0.05,2.0,False,,53465,0.25,2.0,10.0,0.2635813913434177,0.2616,0.04309081477285607,0.3196,0.002377564774599371,8,19.200000000000003,0.2640886251310469,0.26554898473156086,-0.0005072337876291735,-0.0024000000000000687,0.04277974186813237,0.054800000000000015,0.47633667814886926,0.1198517298187809,235,564.0,-0.04932344543786418,-0.10721057396687947,1.1588067636946335,1.4273068607665427,0.04584768608656582,92,220.79999999999998
P2-10,nsrdb,16786,nsrdb_16786_clean.npz,12.0,50,3,19,phase,0.4,0.05,2.0,False,,55925,0.25,2.0,10.0,0.26985593814875797,0.2672,0.045411171422206714,0.3288,0.005744863626601761,12,28.799999999999997,0.2698457584651729,0.27144206231090645,1.0179683585082833e-05,-0.0020000000000000573,0.04453727297898561,0.05720000000000003,0.48136946094924477,0.1280335027561028,247,592.8,-0.04416813560501053,-0.09290072890190017,1.1536189490399336,1.4113146213151389,0.04449137375617439,107,256.79999999999995
P2-10,nsrdb,16795,nsrdb_16795_clean.npz,12.0,50,3,19,phase,0.4,0.05,2.0,False,,57071,0.25,2.0,10.0,0.2714539581214268,0.2696,0.041375690975302165,0.32520000000000004,0.002630563642103048,5,12.0,0.275321861737575,0.27668454465404857,-0.003867903616148152,-0.005600000000000049,0.042241016219432555,0.05080000000000001,0.4451089053347831,0.10267966749675564,245,588.0,-0.1260483684202704,-0.18178830323130313,1.108086341633973,1.27582044124299,0.033285398618077236,80,192.0
P2-10,nsrdb,17052,nsrdb_17052_clean.npz,12.0,50,3,19,phase,0.4,0.05,2.0,False,,51478,0.25,2.0,10.0,0.27651560014777654,0.2732,0.04628137601552992,0.336,0.011238795232261954,25,60.0,0.27728971591903406,0.27876776301717954,-0.000774115771257461,-0.0040000000000000036,0.04670182550616214,0.059599999999999834,0.4648739038285792,0.13369888584261796,243,583.2,-0.05661351118788793,-0.13029268957957668,1.1764439065352714,1.4310906384389697,0.0474440490773688,101,242.39999999999998
P2-10,nsrdb,17453,nsrdb_17453_clean.npz,12.0,50,3,19,phase,0.4,0.05,2.0,False,,62938,0.25,2.0,10.0,0.27256916153858385,0.27159999999999995,0.04248331169620684,0.32759999999999995,0.002862185755855555,14,33.599999999999994,0.27447548537900107,0.27574928022723416,-0.001906323840417242,-0.0032000000000000084,0.04336750724836615,0.05440000000000006,0.47144969708534085,0.11723830876623893,296,710.4000000000001,-0.07697740332912323,-0.11346552034291145,1.129828500438855,1.3632896621530908,0.0387667159598658,104,249.60000000000002
P2-10,nsrdb,18177,nsrdb_18177_clean.npz,12.0,50,3,19,phase,0.4,0.05,2.0,False,,68325,0.25,2.0,10.0,0.26882396742632847,0.2672,0.041719372870413114,0.32320000000000004,0.0014646435057706954,7,16.799999999999997,0.2732446130411858,0.27452259559496905,-0.004420645614857343,-0.00599999999999995,0.042483068211757354,0.05119999999999997,0.44555920089050327,0.10434120335110435,273,655.2,-0.14913763856073617,-0.18539082347104144,1.1280886884098333,1.3007635798480892,0.03499033335286191,105,252.0
P2-10,nsrdb,18184,nsrdb_18184_clean.npz,12.0,50,3,19,phase,0.4,0.05,2.0,False,,60625,0.25,2.0,10.0,0.2626014791336503,0.2612,0.04178200669415736,0.31720000000000004,0.0013371632329635499,3,7.199999999999999,0.2663152007395668,0.2675621243083938,-0.0037137216059165336,-0.005199999999999955,0.042007428144609185,0.05119999999999991,0.45210974643423135,0.10353935552033809,240,576.0,-0.1276838634669116,-0.1649975946155942,1.1292658764261767,1.309304926979069,0.03577324352879028,103,247.20000000000002
P2-10,nsrdb,19088,nsrdb_19088_clean.npz,12.0,50,3,19,phase,0.4,0.05,2.0,False,,63547,0.25,2.0,10.0,0.26608446880216696,0.264,0.04289000464438935,0.32239999999999996,0.0024882673470030554,4,9.600000000000001,0.26876637374405493,0.27006526123491664,-0.002681904941887932,-0.004400000000000015,0.042898213472008624,0.05280000000000007,0.4595735298749567,0.11153107184478252,276,662.4000000000001,-0.10268403744074266,-0.15386075688364653,1.1466222952347995,1.3547570476328237,0.03982802607956156,111,266.4
P2-10,nsrdb,19090,nsrdb_19090_clean.npz,12.0,50,3,19,phase,0.4,0.05,2.0,False,,52014,0.25,2.0,10.0,0.2711492196670836,0.26919999999999994,0.04432907779643788,0.32903999999999944,0.004464543442701818,10,24.0,0.2706711902241894,0.27200926048403024,0.00047802944289425695,-0.0012000000000000344,0.04450431271041192,0.05800000000000011,0.48825170788030403,0.13095352641200808,235,564.0,-0.018722715363338083,-0.0768795705141419,1.1743604266904413,1.4955420069545453,0.04909073414798422,109,261.6
P2-10,nsrdb,19093,nsrdb_19093_clean.npz,12.0,50,3,19,phase,0.4,0.05,2.0,False,,46690,0.25,2.0,10.0,0.27081090028086874,0.26880000000000004,0.04466836647874376,0.32720000000000005,0.005938980725113098,12,28.799999999999997,0.26784889689329133,0.2693074577483781,0.002962003387577454,0.0015999999999999903,0.04386315240689899,0.05800000000000011,0.5149117729036684,0.1339593919512875,248,595.2,0.045088702525448686,0.00047196197488860524,1.164746093163787,1.493494332301397,0.050556377436161315,116,278.4
P2-10,nsrdb,19140,nsrdb_19140_clean.npz,12.0,50,3,19,phase,0.4,0.05,2.0,False,,61254,0.25,2.0,10.0,0.26442492606813167,0.2624,0.041938446297906294,0.31920000000000004,0.00148680663344498,6,14.399999999999999,0.26766989625030635,0.2689938723616492,-0.0032449701821746584,-0.005199999999999982,0.042674818975152726,0.05199999999999999,0.45256106527244505,0.10781798872641124,238,571.2,-0.11236919633375626,-0.17021833265580352,1.1487531152810573,1.3402093991672133,0.03901642022710563,113,271.20000000000005
P2-10,nsrdb,19830,nsrdb_19830_clean.npz,12.0,50,3,19,phase,0.4,0.05,2.0,False,,70175,0.25,2.0,10.0,0.2529665060034794,0.2516,0.04260706528194533,0.3084,0.0007130023101274848,3,7.199999999999999,0.2678899922995751,0.26923722862756816,-0.014923486296095599,-0.01679999999999998,0.042470117636768716,0.04039999999999999,0.34937113196246755,0.06893306334312523,191,458.40000000000003,-0.4247940487354833,-0.46741651016222335,1.1521687337668511,1.031600375189616,0.025140461455095114,82,196.79999999999998
