proxy_id,cohort,record_id,source_path,event_label,duration_stratum,event_hr,basal_start,basal_end,approach_start,approach_end,total_hours,L,m,proxy_desc,skipped,skip_reason,n_symbols,n_S_basal,mean_S_basal,median_S_basal,std_S_basal,p90_S_basal,frac_S_ge_0p40_basal,n_S_approach,mean_S_approach,median_S_approach,p90_S_approach,delta_mean_approach_minus_basal
R0,sddb,30,rr_30_clean.npz,SDDB,holter_analytic,7.909166666666667,0.5,3.5,4.909166666666667,7.909166666666667,23.99967384338379,50,3,"[z(RR), z(|ΔRR|)] current baseline",False,,128805,12519,0.41194485182522567,0.4144,0.0603361693132599,0.4884,0.5836728173176772,13129,0.4050304516718714,0.40520000000000006,0.4676,-0.006914400153354261
R0,sddb,31,rr_31_clean.npz,SDDB,holter_analytic,13.966329210069444,3.9663292100694445,6.9663292100694445,10.966329210069444,13.966329210069444,13.966328620910645,50,3,"[z(RR), z(|ΔRR|)] current baseline",False,,63215,13480,0.42560946587537096,0.418,0.07493090510248307,0.5264,0.6109050445103857,12710,0.4119486703383163,0.41159999999999997,0.4848,-0.013660795537054682
R0,sddb,32,rr_32_clean.npz,SDDB,holter_analytic,16.755,6.754999999999999,9.754999999999999,13.754999999999999,16.755,23.999834060668945,50,3,"[z(RR), z(|ΔRR|)] current baseline",False,,127197,15165,0.3964324695021431,0.396,0.048466320522532844,0.4592,0.4702274975272008,13817,0.39855276832887027,0.398,0.45919999999999994,0.0021202988267271516
R0,sddb,35,rr_35_clean.npz,SDDB,holter_analytic,23.999811197916667,6.0,16.0,20.999811197916667,23.999811197916667,23.99981117248535,50,3,"[z(RR), z(|ΔRR|)] current baseline",False,,100739,43438,0.43413796215295364,0.43399999999999994,0.041627864552997815,0.48640000000000005,0.7955706984667802,13467,0.43884179104477616,0.43879999999999997,0.4912000000000001,0.004703828891822526
R0,sddb,36,rr_36_clean.npz,SDDB,holter_analytic,18.98361111111111,8.98361111111111,11.98361111111111,15.98361111111111,18.98361111111111,20.324308395385742,50,3,"[z(RR), z(|ΔRR|)] current baseline",False,,77321,10663,0.4416420894682548,0.4408000000000001,0.036647850382497786,0.4896,0.8804276470036575,11278,0.4461320092214932,0.4448,0.502,0.004489919753238425
R0,sddb,38,rr_38_clean.npz,SDDB,holter_analytic,8.031666666666666,0.5,3.5,5.031666666666666,8.031666666666666,18.302597045898438,50,3,"[z(RR), z(|ΔRR|)] current baseline",False,,74428,18295,0.39759962831374696,0.3976,0.044809583852116565,0.45520000000000005,0.4785460508335611,17697,0.4297889811832514,0.42879999999999996,0.49640000000000006,0.03218935286950442
R0,sddb,45,rr_45_clean.npz,SDDB,holter_analytic,18.154722222222222,8.154722222222222,11.154722222222222,15.154722222222222,18.154722222222222,23.811418533325195,50,3,"[z(RR), z(|ΔRR|)] current baseline",False,,99135,11980,0.44390270450751257,0.44179999999999997,0.04999955247911074,0.5088,0.8082637729549249,11994,0.4437385692846423,0.4396,0.5136000000000001,-0.00016413522287028748
R0,sddb,47,rr_47_clean.npz,SDDB,holter_analytic,6.216944444444445,0.5,3.5,3.2169444444444446,6.216944444444445,23.597131729125977,50,3,"[z(RR), z(|ΔRR|)] current baseline",False,,92810,10168,0.4040928796223446,0.4004,0.05110436934487459,0.46640000000000004,0.5032454760031472,9884,0.43046066369890723,0.42719999999999997,0.5088000000000001,0.02636778407656265
R0,sddb,50,rr_50_clean.npz,SDDB,holter_analytic,11.761944444444444,1.7619444444444436,4.761944444444444,8.761944444444444,11.761944444444444,23.126861572265625,50,3,"[z(RR), z(|ΔRR|)] current baseline",False,,64251,8103,0.4377146735776873,0.438,0.03830592600483244,0.4872,0.8428976922127607,8004,0.4368999500249875,0.4368,0.48439999999999994,-0.000814723552699792
R0,sddb,51,rr_51_clean.npz,SDDB,holter_analytic,22.973055555555554,12.973055555555554,15.973055555555554,19.973055555555554,22.973055555555554,23.999605178833008,50,3,"[z(RR), z(|ΔRR|)] current baseline",False,,77929,9281,0.4189383040620623,0.4196,0.04696040086409449,0.48079999999999995,0.6548863269044284,10694,0.3941412754815784,0.39360000000000006,0.4604,-0.024797028580483882
R0,sddb,44,rr_44_clean.npz,SDDB,holter_analytic,19.645833333333332,9.645833333333332,12.645833333333332,16.645833333333332,19.645833333333332,23.33289909362793,50,3,"[z(RR), z(|ΔRR|)] current baseline",False,,118665,15731,0.44311710635051804,0.442,0.04198453449824055,0.49440000000000006,0.8598944758756595,15969,0.5656568601665727,0.5980000000000002,0.6728,0.12253975381605464
R0,vfdb,418,vfdb_418_clean.npz,VFL,too_short,0.1106933339436849,0.0,0.03320800018310547,0.07748533376057942,0.1106933339436849,0.5833266973495483,50,3,"[z(RR), z(|ΔRR|)] current baseline",False,,4291,171,0.5498152046783625,0.532,0.0800766095345498,0.6664000000000001,1.0,226,0.5377132743362832,0.5408,0.5893999999999999,-0.012101930342079292
R0,vfdb,419,vfdb_419_clean.npz,VFL,too_short,0.011334444681803385,0.0,0.0034003334045410154,0.00793411127726237,0.011334444681803385,0.5833255052566528,50,3,"[z(RR), z(|ΔRR|)] current baseline",True,no_basal,,,,,,,,,,,,
R0,vfdb,420,vfdb_420_clean.npz,VT,short_15_60min,0.3972644382052951,0.0,0.13242147940176505,0.2648429588035301,0.3972644382052951,0.5832522511482239,50,3,"[z(RR), z(|ΔRR|)] current baseline",False,,2973,494,0.42323319838056683,0.42880000000000007,0.039057261387587035,0.4668,0.7631578947368421,522,0.4701409961685824,0.4806,0.5183200000000001,0.04690779778801557
R0,vfdb,421,vfdb_421_clean.npz,VT,too_short,0.24837554931640626,0.0,0.07451266479492187,0.17386288452148438,0.24837554931640626,0.5832855105400085,50,3,"[z(RR), z(|ΔRR|)] current baseline",False,,4415,430,0.4229711627906977,0.42399999999999993,0.038311910905781885,0.4701600000000001,0.713953488372093,485,0.41199917525773194,0.41,0.46728000000000003,-0.010971987532965743
R0,vfdb,422,vfdb_422_clean.npz,VT,short_15_60min,0.37023444281684026,0.0,0.12341148093894676,0.24682296187789352,0.37023444281684026,0.5825422406196594,50,3,"[z(RR), z(|ΔRR|)] current baseline",False,,3973,710,0.4826354929577465,0.46240000000000003,0.08131656645288568,0.6201200000000001,0.8859154929577465,766,0.4405832898172324,0.44120000000000004,0.4858,-0.04205220314051411
R0,vfdb,423,vfdb_423_clean.npz,VT,too_short,0.24957222832573786,0.0,0.07487166849772135,0.1747005598280165,0.24957222832573786,0.48622000217437744,50,3,"[z(RR), z(|ΔRR|)] current baseline",False,,2860,279,0.4145362007168459,0.4164,0.03156082733586982,0.44808000000000003,0.6953405017921147,333,0.40045165165165175,0.4056,0.45183999999999996,-0.01408454906519413
R0,vfdb,424,vfdb_424_clean.npz,VFIB,short_15_60min,0.3497211032443576,0.0,0.11657370108145254,0.23314740216290508,0.3497211032443576,0.5809099674224854,50,3,"[z(RR), z(|ΔRR|)] current baseline",False,,3894,860,0.4493632558139535,0.4474,0.035933006768793886,0.49600000000000005,0.9325581395348838,866,0.4362600461893764,0.438,0.48040000000000005,-0.013103209624577061
R0,vfdb,425,vfdb_425_clean.npz,VT,short_15_60min,0.25822555541992187,0.0,0.08607518513997396,0.17215037027994792,0.25822555541992187,0.5832855105400085,50,3,"[z(RR), z(|ΔRR|)] current baseline",False,,2058,193,0.4226176165803109,0.42880000000000007,0.03222614232640311,0.45552000000000004,0.772020725388601,242,0.4523900826446281,0.45200000000000007,0.53744,0.029772466064317216
R0,vfdb,426,vfdb_426_clean.npz,VF,too_short,0.179368896484375,0.0,0.0538106689453125,0.1255582275390625,0.179368896484375,0.5832611322402954,50,3,"[z(RR), z(|ΔRR|)] current baseline",False,,3701,168,0.45366904761904764,0.4566,0.04763825987433709,0.51796,0.8214285714285714,232,0.3958051724137931,0.3914000000000001,0.4479200000000001,-0.057863875205254545
R0,vfdb,427,vfdb_427_clean.npz,VT,too_short,0.18013776991102431,0.0,0.054041330973307294,0.12609643893771702,0.18013776991102431,0.5832777619361877,50,3,"[z(RR), z(|ΔRR|)] current baseline",False,,4241,188,0.4382468085106383,0.4404,0.03673199574064812,0.4824,0.8617021276595744,243,0.42394403292181077,0.42160000000000003,0.4772,-0.014302775588827532
R0,vfdb,428,vfdb_428_clean.npz,VT,short_15_60min,0.4687388780381944,0.0,0.15624629267939813,0.31249258535879626,0.4687388780381944,0.5833077430725098,50,3,"[z(RR), z(|ΔRR|)] current baseline",False,,3272,765,0.4687388235294118,0.476,0.044833678064731604,0.5207999999999999,0.9137254901960784,840,0.4153847619047619,0.41080000000000005,0.48164,-0.053354061624649896
R0,vfdb,429,vfdb_429_clean.npz,VT,too_short,0.11181555853949653,0.0,0.033544667561848956,0.07827089097764757,0.11181555853949653,0.5833211541175842,50,3,"[z(RR), z(|ΔRR|)] current baseline",False,,3609,147,0.48913469387755104,0.488,0.029329116857733515,0.52752,1.0,198,0.36887474747474747,0.3722,0.39880000000000004,-0.12025994640280357
R0,vfdb,430,vfdb_430_clean.npz,VT,too_short,0.05766999986436632,0.0,0.017300999959309896,0.04036899990505642,0.05766999986436632,0.583258867263794,50,3,"[z(RR), z(|ΔRR|)] current baseline",False,,4845,64,0.65066875,0.6560000000000001,0.0272284827604753,0.6792000000000001,1.0,113,0.5393168141592921,0.53,0.5904,-0.1113519358407079
R0,vfdb,602,vfdb_602_clean.npz,VT,too_short,0.134750001695421,0.0,0.0404250005086263,0.0943250011867947,0.134750001695421,0.5832266807556152,50,3,"[z(RR), z(|ΔRR|)] current baseline",False,,2963,130,0.48893230769230767,0.4984,0.0313283902097777,0.5236400000000001,0.9923076923076923,179,0.4706525139664805,0.45960000000000006,0.52336,-0.018279793725827165
R0,vfdb,605,vfdb_605_clean.npz,VT,short_15_60min,0.45771331787109376,0.0,0.15257110595703124,0.3051422119140625,0.45771331787109376,0.5831544399261475,50,3,"[z(RR), z(|ΔRR|)] current baseline",False,,1881,381,0.4358992125984252,0.43239999999999995,0.040305248994304196,0.49279999999999996,0.7979002624671916,424,0.422988679245283,0.42100000000000004,0.47959999999999997,-0.012910533353142184
R0,vfdb,607,vfdb_607_clean.npz,VT,too_short,0.037178887261284724,0.0,0.011153666178385417,0.026025221082899307,0.037178887261284724,0.5831300020217896,50,3,"[z(RR), z(|ΔRR|)] current baseline",False,,1856,50,0.4456160000000001,0.4364,0.03663431921027058,0.4992000000000001,0.92,32,0.46645000000000003,0.4726000000000001,0.49956,0.020833999999999908
R0,vfdb,609,vfdb_609_clean.npz,VFL,short_15_60min,0.28363888210720484,0.0,0.09454629403573495,0.1890925880714699,0.28363888210720484,0.5829211473464966,50,3,"[z(RR), z(|ΔRR|)] current baseline",False,,2196,315,0.46606730158730153,0.4676,0.03537435952446613,0.50944,0.9714285714285714,357,0.4467820728291316,0.44600000000000006,0.48119999999999996,-0.019285228758169903
R0,vfdb,610,vfdb_610_clean.npz,VT,short_15_60min,0.5109611002604166,0.0,0.1703203667534722,0.3406407335069444,0.5109611002604166,0.5830910801887512,50,3,"[z(RR), z(|ΔRR|)] current baseline",False,,2115,572,0.4648125874125874,0.45720000000000005,0.04248565511449828,0.52356,0.9475524475524476,619,0.4750991922455574,0.4696000000000001,0.5488,0.010286604832970003
R0,vfdb,611,vfdb_611_clean.npz,VT,short_15_60min,0.3322855631510417,0.0,0.11076185438368057,0.22152370876736113,0.3322855631510417,0.583246648311615,50,3,"[z(RR), z(|ΔRR|)] current baseline",False,,4121,572,0.38588181818181816,0.38480000000000003,0.03751486071301068,0.4372,0.3548951048951049,627,0.4853658692185007,0.4984000000000001,0.5904,0.09948405103668256
R0,vfdb,612,vfdb_612_clean.npz,VT,short_15_60min,0.4742733425564236,0.0,0.15809111418547453,0.31618222837094906,0.4742733425564236,0.5832744836807251,50,3,"[z(RR), z(|ΔRR|)] current baseline",False,,2456,424,0.43512735849056605,0.4374,0.05412083969460234,0.5004000000000001,0.6933962264150944,510,0.45000862745098036,0.4488,0.534,0.014881268960414307
R0,vfdb,614,vfdb_614_clean.npz,VT,short_15_60min,0.3954910956488715,0.0,0.13183036521629052,0.26366073043258104,0.3954910956488715,0.5832656025886536,50,3,"[z(RR), z(|ΔRR|)] current baseline",False,,3474,384,0.43093333333333333,0.43220000000000003,0.0403744934608748,0.48068,0.75,682,0.44475073313783,0.43920000000000003,0.5311199999999999,0.013817399804496644
R0,vfdb,615,vfdb_615_clean.npz,VT,too_short,0.09078999837239583,0.0,0.02723699951171875,0.06355299886067708,0.09078999837239583,0.5829344391822815,50,3,"[z(RR), z(|ΔRR|)] current baseline",False,,1586,62,0.4688709677419355,0.4724,0.03666908862180513,0.5097600000000001,1.0,71,0.42874366197183095,0.4284,0.4524,-0.04012730577010454
P1,sddb,30,rr_30_clean.npz,SDDB,holter_analytic,7.909166666666667,0.5,3.5,4.909166666666667,7.909166666666667,23.99967384338379,50,3,"[z(RR), z(e_AR1)] global AR(1) residual of RR",False,,128805,12519,0.5835002795750459,0.5920000000000001,0.05735676391154564,0.6476000000000001,0.9957664350187715,13129,0.5851868382969,0.5872000000000002,0.6460000000000001,0.0016865587218540812
P1,sddb,31,rr_31_clean.npz,SDDB,holter_analytic,13.966329210069444,3.9663292100694445,6.9663292100694445,10.966329210069444,13.966329210069444,13.966328620910645,50,3,"[z(RR), z(e_AR1)] global AR(1) residual of RR",False,,63215,13480,0.6464358456973294,0.6488000000000002,0.047197200005718046,0.7020400000000003,1.0,12710,0.6440357513768686,0.6464,0.6960000000000001,-0.002400094320460733
P1,sddb,32,rr_32_clean.npz,SDDB,holter_analytic,16.755,6.754999999999999,9.754999999999999,13.754999999999999,16.755,23.999834060668945,50,3,"[z(RR), z(e_AR1)] global AR(1) residual of RR",False,,127197,15165,0.6123872601384768,0.6144000000000001,0.0384484414777912,0.6612,1.0,13817,0.593830296012159,0.5939999999999999,0.6447999999999999,-0.0185569641263178
P1,sddb,35,rr_35_clean.npz,SDDB,holter_analytic,23.999811197916667,6.0,16.0,20.999811197916667,23.999811197916667,23.99981117248535,50,3,"[z(RR), z(e_AR1)] global AR(1) residual of RR",False,,100739,43438,0.6165666927574934,0.6164000000000001,0.03592337535105992,0.6624000000000001,1.0,13467,0.6225165515705058,0.6235999999999999,0.6656,0.005949858813012354
P1,sddb,36,rr_36_clean.npz,SDDB,holter_analytic,18.98361111111111,8.98361111111111,11.98361111111111,15.98361111111111,18.98361111111111,20.324308395385742,50,3,"[z(RR), z(e_AR1)] global AR(1) residual of RR",False,,77321,10663,0.6643250117227797,0.662,0.03734189744294923,0.7136,1.0,11278,0.6660106047171485,0.6636,0.7176,0.0016855929943687675
P1,sddb,38,rr_38_clean.npz,SDDB,holter_analytic,8.031666666666666,0.5,3.5,5.031666666666666,8.031666666666666,18.302597045898438,50,3,"[z(RR), z(e_AR1)] global AR(1) residual of RR",False,,74428,18295,0.5914723585679148,0.592,0.03745427420217028,0.6384000000000001,1.0,17697,0.5948729841216025,0.5944,0.6479999999999999,0.0034006255536876973
P1,sddb,45,rr_45_clean.npz,SDDB,holter_analytic,18.154722222222222,8.154722222222222,11.154722222222222,15.154722222222222,18.154722222222222,23.811418533325195,50,3,"[z(RR), z(e_AR1)] global AR(1) residual of RR",False,,99135,11980,0.6249877796327212,0.6260000000000001,0.030548808494149263,0.6639999999999999,1.0,11994,0.6273001500750375,0.6292,0.6688,0.0023123704423162472
P1,sddb,47,rr_47_clean.npz,SDDB,holter_analytic,6.216944444444445,0.5,3.5,3.2169444444444446,6.216944444444445,23.597131729125977,50,3,"[z(RR), z(e_AR1)] global AR(1) residual of RR",False,,92810,10168,0.6616780487804877,0.6611999999999999,0.03978105161151275,0.7136,1.0,9884,0.6628733306353704,0.6624,0.7164000000000001,0.0011952818548826016
P1,sddb,50,rr_50_clean.npz,SDDB,holter_analytic,11.761944444444444,1.7619444444444436,4.761944444444444,8.761944444444444,11.761944444444444,23.126861572265625,50,3,"[z(RR), z(e_AR1)] global AR(1) residual of RR",False,,64251,8103,0.6975976798716524,0.6976000000000001,0.03891642252688067,0.7480000000000001,1.0,8004,0.6978279860069966,0.696,0.7572,0.00023030613534413824
P1,sddb,51,rr_51_clean.npz,SDDB,holter_analytic,22.973055555555554,12.973055555555554,15.973055555555554,19.973055555555554,22.973055555555554,23.999605178833008,50,3,"[z(RR), z(e_AR1)] global AR(1) residual of RR",False,,77929,9281,0.540637043422045,0.5432,0.04904894466321692,0.6020000000000001,0.9939661674388536,10694,0.5240710304843837,0.5248,0.592,-0.016566012937661245
P1,sddb,44,rr_44_clean.npz,SDDB,holter_analytic,19.645833333333332,9.645833333333332,12.645833333333332,16.645833333333332,19.645833333333332,23.33289909362793,50,3,"[z(RR), z(e_AR1)] global AR(1) residual of RR",False,,118665,15731,0.7042758375182759,0.7056000000000001,0.034267982153049145,0.7463999999999998,1.0,15969,0.7032382491076462,0.7031999999999999,0.756,-0.0010375884106297306
P1,vfdb,418,vfdb_418_clean.npz,VFL,too_short,0.1106933339436849,0.0,0.03320800018310547,0.07748533376057942,0.1106933339436849,0.5833266973495483,50,3,"[z(RR), z(e_AR1)] global AR(1) residual of RR",False,,4291,171,0.6637754385964911,0.6636000000000001,0.02812174210808426,0.7068000000000001,1.0,226,0.6561769911504425,0.6424,0.7138,-0.007598447446048651
P1,vfdb,419,vfdb_419_clean.npz,VFL,too_short,0.011334444681803385,0.0,0.0034003334045410154,0.00793411127726237,0.011334444681803385,0.5833255052566528,50,3,"[z(RR), z(e_AR1)] global AR(1) residual of RR",True,no_basal,,,,,,,,,,,,
P1,vfdb,420,vfdb_420_clean.npz,VT,short_15_60min,0.3972644382052951,0.0,0.13242147940176505,0.2648429588035301,0.3972644382052951,0.5832522511482239,50,3,"[z(RR), z(e_AR1)] global AR(1) residual of RR",False,,2973,494,0.5976825910931174,0.6020000000000001,0.02465130385902953,0.6268000000000001,1.0,522,0.6187141762452109,0.6212,0.6431600000000001,0.021031585152093468
P1,vfdb,421,vfdb_421_clean.npz,VT,too_short,0.24837554931640626,0.0,0.07451266479492187,0.17386288452148438,0.24837554931640626,0.5832855105400085,50,3,"[z(RR), z(e_AR1)] global AR(1) residual of RR",False,,4415,430,0.6005302325581395,0.5962000000000001,0.04127233396730439,0.6584400000000001,1.0,485,0.5797847422680412,0.5720000000000001,0.6362400000000001,-0.020745490290098312
P1,vfdb,422,vfdb_422_clean.npz,VT,short_15_60min,0.37023444281684026,0.0,0.12341148093894676,0.24682296187789352,0.37023444281684026,0.5825422406196594,50,3,"[z(RR), z(e_AR1)] global AR(1) residual of RR",False,,3973,710,0.6697684507042254,0.6716,0.022981139030100524,0.6956,1.0,766,0.6659075718015667,0.6692,0.7018000000000001,-0.0038608789026587376
P1,vfdb,423,vfdb_423_clean.npz,VT,too_short,0.24957222832573786,0.0,0.07487166849772135,0.1747005598280165,0.24957222832573786,0.48622000217437744,50,3,"[z(RR), z(e_AR1)] global AR(1) residual of RR",False,,2860,279,0.5947512544802869,0.5940000000000001,0.020639327829776566,0.6257600000000001,1.0,333,0.5832264264264264,0.5832,0.61536,-0.011524828053860459
P1,vfdb,424,vfdb_424_clean.npz,VFIB,short_15_60min,0.3497211032443576,0.0,0.11657370108145254,0.23314740216290508,0.3497211032443576,0.5809099674224854,50,3,"[z(RR), z(e_AR1)] global AR(1) residual of RR",False,,3894,860,0.6068693023255815,0.6066,0.02988300033155266,0.6428,1.0,866,0.5819413394919168,0.5824,0.6463999999999999,-0.024927962833664608
P1,vfdb,425,vfdb_425_clean.npz,VT,short_15_60min,0.25822555541992187,0.0,0.08607518513997396,0.17215037027994792,0.25822555541992187,0.5832855105400085,50,3,"[z(RR), z(e_AR1)] global AR(1) residual of RR",False,,2058,193,0.5900435233160621,0.5904,0.03762308535084295,0.6464000000000001,1.0,242,0.5905636363636364,0.5811999999999999,0.6427999999999999,0.0005201130475742666
P1,vfdb,426,vfdb_426_clean.npz,VF,too_short,0.179368896484375,0.0,0.0538106689453125,0.1255582275390625,0.179368896484375,0.5832611322402954,50,3,"[z(RR), z(e_AR1)] global AR(1) residual of RR",False,,3701,168,0.6358690476190476,0.6371999999999999,0.02164754454452644,0.6657200000000001,1.0,232,0.5887396551724138,0.6014,0.62312,-0.04712939244663383
P1,vfdb,427,vfdb_427_clean.npz,VT,too_short,0.18013776991102431,0.0,0.054041330973307294,0.12609643893771702,0.18013776991102431,0.5832777619361877,50,3,"[z(RR), z(e_AR1)] global AR(1) residual of RR",False,,4241,188,0.5872531914893617,0.5888,0.029950848750548383,0.626,1.0,243,0.5568246913580247,0.5596000000000001,0.6012800000000001,-0.030428500131337022
P1,vfdb,428,vfdb_428_clean.npz,VT,short_15_60min,0.4687388780381944,0.0,0.15624629267939813,0.31249258535879626,0.4687388780381944,0.5833077430725098,50,3,"[z(RR), z(e_AR1)] global AR(1) residual of RR",False,,3272,765,0.6251728104575164,0.6187999999999999,0.045448496088170975,0.6908800000000002,1.0,840,0.6050914285714286,0.6064,0.6432,-0.020081381886087768
P1,vfdb,429,vfdb_429_clean.npz,VT,too_short,0.11181555853949653,0.0,0.033544667561848956,0.07827089097764757,0.11181555853949653,0.5833211541175842,50,3,"[z(RR), z(e_AR1)] global AR(1) residual of RR",False,,3609,147,0.6045006802721088,0.6083999999999999,0.024536357852788307,0.6361600000000001,1.0,198,0.6526505050505051,0.6524,0.7002400000000001,0.048149824778396355
P1,vfdb,430,vfdb_430_clean.npz,VT,too_short,0.05766999986436632,0.0,0.017300999959309896,0.04036899990505642,0.05766999986436632,0.583258867263794,50,3,"[z(RR), z(e_AR1)] global AR(1) residual of RR",False,,4845,64,0.669875,0.6668000000000001,0.01310817969818844,0.684,1.0,113,0.5817911504424779,0.5852,0.6223200000000001,-0.08808384955752213
P1,vfdb,602,vfdb_602_clean.npz,VT,too_short,0.134750001695421,0.0,0.0404250005086263,0.0943250011867947,0.134750001695421,0.5832266807556152,50,3,"[z(RR), z(e_AR1)] global AR(1) residual of RR",False,,2963,130,0.5912092307692308,0.5902000000000001,0.04077397255443505,0.6497600000000001,1.0,179,0.5768849162011174,0.5816,0.6261600000000002,-0.01432431456811345
P1,vfdb,605,vfdb_605_clean.npz,VT,short_15_60min,0.45771331787109376,0.0,0.15257110595703124,0.3051422119140625,0.45771331787109376,0.5831544399261475,50,3,"[z(RR), z(e_AR1)] global AR(1) residual of RR",False,,1881,381,0.5809501312335957,0.5812,0.029414552279603864,0.616,1.0,424,0.592733962264151,0.5914,0.6264,0.011783831030555247
P1,vfdb,607,vfdb_607_clean.npz,VT,too_short,0.037178887261284724,0.0,0.011153666178385417,0.026025221082899307,0.037178887261284724,0.5831300020217896,50,3,"[z(RR), z(e_AR1)] global AR(1) residual of RR",False,,1856,50,0.5985600000000001,0.5973999999999999,0.014500537921056583,0.6164,1.0,32,0.5912124999999999,0.5908000000000001,0.60908,-0.007347500000000173
P1,vfdb,609,vfdb_609_clean.npz,VFL,short_15_60min,0.28363888210720484,0.0,0.09454629403573495,0.1890925880714699,0.28363888210720484,0.5829211473464966,50,3,"[z(RR), z(e_AR1)] global AR(1) residual of RR",False,,2196,315,0.6220482539682539,0.6220000000000001,0.03593882220379263,0.6716,1.0,357,0.6534005602240897,0.6536000000000001,0.7197600000000001,0.03135230625583574
P1,vfdb,610,vfdb_610_clean.npz,VT,short_15_60min,0.5109611002604166,0.0,0.1703203667534722,0.3406407335069444,0.5109611002604166,0.5830910801887512,50,3,"[z(RR), z(e_AR1)] global AR(1) residual of RR",False,,2115,572,0.6482951048951049,0.645,0.03884669767295404,0.7072,1.0,619,0.6452659127625203,0.6508,0.688,-0.0030291921325845683
P1,vfdb,611,vfdb_611_clean.npz,VT,short_15_60min,0.3322855631510417,0.0,0.11076185438368057,0.22152370876736113,0.3322855631510417,0.583246648311615,50,3,"[z(RR), z(e_AR1)] global AR(1) residual of RR",False,,4121,572,0.5875384615384616,0.5976,0.03815114754724421,0.6295599999999999,1.0,627,0.5886258373205742,0.5940000000000001,0.6388000000000001,0.0010873757821125984
P1,vfdb,612,vfdb_612_clean.npz,VT,short_15_60min,0.4742733425564236,0.0,0.15809111418547453,0.31618222837094906,0.4742733425564236,0.5832744836807251,50,3,"[z(RR), z(e_AR1)] global AR(1) residual of RR",False,,2456,424,0.5531830188679245,0.5488000000000001,0.05275365045349428,0.63068,1.0,510,0.571635294117647,0.5660000000000001,0.6668800000000001,0.018452275249722483
P1,vfdb,614,vfdb_614_clean.npz,VT,short_15_60min,0.3954910956488715,0.0,0.13183036521629052,0.26366073043258104,0.3954910956488715,0.5832656025886536,50,3,"[z(RR), z(e_AR1)] global AR(1) residual of RR",False,,3474,384,0.5385947916666667,0.5428,0.04161910586345247,0.5876,1.0,682,0.5454909090909091,0.5476,0.5856,0.006896117424242454
P1,vfdb,615,vfdb_615_clean.npz,VT,too_short,0.09078999837239583,0.0,0.02723699951171875,0.06355299886067708,0.09078999837239583,0.5829344391822815,50,3,"[z(RR), z(e_AR1)] global AR(1) residual of RR",False,,1586,62,0.6917290322580645,0.6904,0.02818334206639122,0.732,1.0,71,0.738512676056338,0.7283999999999999,0.7848,0.04678364379827349
P2,sddb,30,rr_30_clean.npz,SDDB,holter_analytic,7.909166666666667,0.5,3.5,4.909166666666667,7.909166666666667,23.99967384338379,50,3,"[z(RR_t), z(|ΔRR|_{t-10})] lagged absolute increment",False,,128805,12519,0.2830248422397955,0.27920000000000006,0.047786600941019435,0.3444,0.016614745586708203,13129,0.2799017137634245,0.2772,0.3388,-0.0031231284763710287
P2,sddb,31,rr_31_clean.npz,SDDB,holter_analytic,13.966329210069444,3.9663292100694445,6.9663292100694445,10.966329210069444,13.966329210069444,13.966328620910645,50,3,"[z(RR_t), z(|ΔRR|_{t-10})] lagged absolute increment",False,,63215,13480,0.2740950741839763,0.2664,0.06467469021473046,0.3348,0.03998516320474777,12710,0.2664764437450826,0.262,0.3276,-0.007618630438893659
P2,sddb,32,rr_32_clean.npz,SDDB,holter_analytic,16.755,6.754999999999999,9.754999999999999,13.754999999999999,16.755,23.999834060668945,50,3,"[z(RR_t), z(|ΔRR|_{t-10})] lagged absolute increment",False,,127197,15165,0.25117072205736896,0.24879999999999997,0.045599814988398366,0.31240000000000007,0.0007253544345532477,13817,0.2604246073677354,0.2592,0.314,0.009253885310366416
P2,sddb,35,rr_35_clean.npz,SDDB,holter_analytic,23.999811197916667,6.0,16.0,20.999811197916667,23.999811197916667,23.99981117248535,50,3,"[z(RR_t), z(|ΔRR|_{t-10})] lagged absolute increment",False,,100739,43438,0.28194848749942447,0.28080000000000005,0.04190448779457379,0.3360000000000001,0.004581242230305263,13467,0.2780801366302814,0.2768,0.33399999999999996,-0.0038683508691430557
P2,sddb,36,rr_36_clean.npz,SDDB,holter_analytic,18.98361111111111,8.98361111111111,11.98361111111111,15.98361111111111,18.98361111111111,20.324308395385742,50,3,"[z(RR_t), z(|ΔRR|_{t-10})] lagged absolute increment",False,,77321,10663,0.2833786739191597,0.28240000000000004,0.040438439940011076,0.336,0.0021569914658163742,11278,0.2822948395105515,0.28040000000000004,0.3372,-0.0010838344086082086
P2,sddb,38,rr_38_clean.npz,SDDB,holter_analytic,8.031666666666666,0.5,3.5,5.031666666666666,8.031666666666666,18.302597045898438,50,3,"[z(RR_t), z(|ΔRR|_{t-10})] lagged absolute increment",False,,74428,18295,0.2774736485378519,0.2752,0.04164460949737827,0.33240000000000003,0.002623667668761957,17697,0.2730282646776289,0.27040000000000003,0.3304,-0.004445383860222973
P2,sddb,45,rr_45_clean.npz,SDDB,holter_analytic,18.154722222222222,8.154722222222222,11.154722222222222,15.154722222222222,18.154722222222222,23.811418533325195,50,3,"[z(RR_t), z(|ΔRR|_{t-10})] lagged absolute increment",False,,99135,11980,0.2872580634390651,0.28440000000000004,0.04873512074722287,0.3512,0.01719532554257095,11994,0.2859949974987494,0.28359999999999996,0.3516,-0.0012630659403157218
P2,sddb,47,rr_47_clean.npz,SDDB,holter_analytic,6.216944444444445,0.5,3.5,3.2169444444444446,6.216944444444445,23.597131729125977,50,3,"[z(RR_t), z(|ΔRR|_{t-10})] lagged absolute increment",False,,92810,10168,0.2803179386309992,0.27840000000000004,0.04269427481854036,0.33480000000000004,0.0054091266719118805,9884,0.2733974504249292,0.272,0.33080000000000004,-0.006920488206069997
P2,sddb,50,rr_50_clean.npz,SDDB,holter_analytic,11.761944444444444,1.7619444444444436,4.761944444444444,8.761944444444444,11.761944444444444,23.126861572265625,50,3,"[z(RR_t), z(|ΔRR|_{t-10})] lagged absolute increment",False,,64251,8103,0.2852940392447242,0.2836,0.042452989211476,0.33912000000000003,0.007651487103541898,8004,0.2875321339330335,0.2876,0.3464,0.0022380946883093222
P2,sddb,51,rr_51_clean.npz,SDDB,holter_analytic,22.973055555555554,12.973055555555554,15.973055555555554,19.973055555555554,22.973055555555554,23.999605178833008,50,3,"[z(RR_t), z(|ΔRR|_{t-10})] lagged absolute increment",False,,77929,9281,0.2921226591962073,0.29,0.04432040287081684,0.34880000000000005,0.014869087382825127,10694,0.2823910604077053,0.28080000000000005,0.34040000000000004,-0.009731598788501994
P2,sddb,44,rr_44_clean.npz,SDDB,holter_analytic,19.645833333333332,9.645833333333332,12.645833333333332,16.645833333333332,19.645833333333332,23.33289909362793,50,3,"[z(RR_t), z(|ΔRR|_{t-10})] lagged absolute increment",False,,118665,15731,0.2672943868794101,0.26639999999999997,0.056236898964867894,0.336,0.016210031148687305,15969,0.4047927609743879,0.37040000000000006,0.6455999999999998,0.13749837409497778
P2,vfdb,418,vfdb_418_clean.npz,VFL,too_short,0.1106933339436849,0.0,0.03320800018310547,0.07748533376057942,0.1106933339436849,0.5833266973495483,50,3,"[z(RR_t), z(|ΔRR|_{t-10})] lagged absolute increment",False,,4291,171,0.4006222222222222,0.33680000000000004,0.1513286627990065,0.6268,0.4444444444444444,226,0.25145663716814165,0.24980000000000002,0.3108000000000001,-0.14916558505408056
P2,vfdb,419,vfdb_419_clean.npz,VFL,too_short,0.011334444681803385,0.0,0.0034003334045410154,0.00793411127726237,0.011334444681803385,0.5833255052566528,50,3,"[z(RR_t), z(|ΔRR|_{t-10})] lagged absolute increment",True,no_basal,,,,,,,,,,,,
P2,vfdb,420,vfdb_420_clean.npz,VT,short_15_60min,0.3972644382052951,0.0,0.13242147940176505,0.2648429588035301,0.3972644382052951,0.5832522511482239,50,3,"[z(RR_t), z(|ΔRR|_{t-10})] lagged absolute increment",False,,2973,494,0.2842218623481782,0.2892,0.04584894764081861,0.33788,0.008097165991902834,522,0.27961455938697316,0.2804,0.34552000000000005,-0.00460730296120504
P2,vfdb,421,vfdb_421_clean.npz,VT,too_short,0.24837554931640626,0.0,0.07451266479492187,0.17386288452148438,0.24837554931640626,0.5832855105400085,50,3,"[z(RR_t), z(|ΔRR|_{t-10})] lagged absolute increment",False,,4415,430,0.3088251162790698,0.31020000000000003,0.0411281527735914,0.36244,0.0,485,0.28792329896907215,0.2848,0.32168,-0.020901817309997628
P2,vfdb,422,vfdb_422_clean.npz,VT,short_15_60min,0.37023444281684026,0.0,0.12341148093894676,0.24682296187789352,0.37023444281684026,0.5825422406196594,50,3,"[z(RR_t), z(|ΔRR|_{t-10})] lagged absolute increment",False,,3973,710,0.3110602816901409,0.3002,0.06275463217225945,0.39808000000000004,0.09718309859154929,766,0.2772281984334204,0.27599999999999997,0.33640000000000003,-0.03383208325672049
P2,vfdb,423,vfdb_423_clean.npz,VT,too_short,0.24957222832573786,0.0,0.07487166849772135,0.1747005598280165,0.24957222832573786,0.48622000217437744,50,3,"[z(RR_t), z(|ΔRR|_{t-10})] lagged absolute increment",False,,2860,279,0.31755842293906816,0.3156,0.0526943332022974,0.38976,0.07885304659498207,333,0.279993993993994,0.2803999999999999,0.34312000000000004,-0.03756442894507417
P2,vfdb,424,vfdb_424_clean.npz,VFIB,short_15_60min,0.3497211032443576,0.0,0.11657370108145254,0.23314740216290508,0.3497211032443576,0.5809099674224854,50,3,"[z(RR_t), z(|ΔRR|_{t-10})] lagged absolute increment",False,,3894,860,0.29458883720930235,0.29680000000000006,0.03932333783706462,0.3465200000000001,0.0,866,0.27664803695150114,0.27680000000000005,0.33340000000000003,-0.017940800257801204
P2,vfdb,425,vfdb_425_clean.npz,VT,short_15_60min,0.25822555541992187,0.0,0.08607518513997396,0.17215037027994792,0.25822555541992187,0.5832855105400085,50,3,"[z(RR_t), z(|ΔRR|_{t-10})] lagged absolute increment",False,,2058,193,0.26946113989637305,0.246,0.06028281354634446,0.35536000000000006,0.0,242,0.2541520661157025,0.2542,0.30080000000000007,-0.015309073780670535
P2,vfdb,426,vfdb_426_clean.npz,VF,too_short,0.179368896484375,0.0,0.0538106689453125,0.1255582275390625,0.179368896484375,0.5832611322402954,50,3,"[z(RR_t), z(|ΔRR|_{t-10})] lagged absolute increment",False,,3701,168,0.3245380952380953,0.33420000000000005,0.04791039231325473,0.37412,0.041666666666666664,232,0.27573275862068963,0.2632,0.34064,-0.04880533661740566
P2,vfdb,427,vfdb_427_clean.npz,VT,too_short,0.18013776991102431,0.0,0.054041330973307294,0.12609643893771702,0.18013776991102431,0.5832777619361877,50,3,"[z(RR_t), z(|ΔRR|_{t-10})] lagged absolute increment",False,,4241,188,0.28579787234042553,0.28720000000000007,0.041106680046061064,0.34092000000000006,0.0,243,0.23522304526748974,0.2344,0.27943999999999997,-0.050574827072935785
P2,vfdb,428,vfdb_428_clean.npz,VT,short_15_60min,0.4687388780381944,0.0,0.15624629267939813,0.31249258535879626,0.4687388780381944,0.5833077430725098,50,3,"[z(RR_t), z(|ΔRR|_{t-10})] lagged absolute increment",False,,3272,765,0.26120627450980394,0.2612,0.0428501588969431,0.31984000000000007,0.0,840,0.26655,0.2656,0.30724,0.005343725490196072
P2,vfdb,429,vfdb_429_clean.npz,VT,too_short,0.11181555853949653,0.0,0.033544667561848956,0.07827089097764757,0.11181555853949653,0.5833211541175842,50,3,"[z(RR_t), z(|ΔRR|_{t-10})] lagged absolute increment",False,,3609,147,0.26176054421768713,0.2668,0.03288171867212964,0.30016,0.0,198,0.27193131313131313,0.2792,0.33228000000000013,0.010170768913626005
P2,vfdb,430,vfdb_430_clean.npz,VT,too_short,0.05766999986436632,0.0,0.017300999959309896,0.04036899990505642,0.05766999986436632,0.583258867263794,50,3,"[z(RR_t), z(|ΔRR|_{t-10})] lagged absolute increment",False,,4845,64,0.38725000000000004,0.3932,0.07466905316126622,0.47880000000000006,0.453125,113,0.2996318584070797,0.3004,0.34952000000000005,-0.08761814159292036
P2,vfdb,602,vfdb_602_clean.npz,VT,too_short,0.134750001695421,0.0,0.0404250005086263,0.0943250011867947,0.134750001695421,0.5832266807556152,50,3,"[z(RR_t), z(|ΔRR|_{t-10})] lagged absolute increment",False,,2963,130,0.29058769230769227,0.29239999999999994,0.02090748491435034,0.3196800000000001,0.0,179,0.2668156424581006,0.2656,0.30048,-0.023772049849591692
P2,vfdb,605,vfdb_605_clean.npz,VT,short_15_60min,0.45771331787109376,0.0,0.15257110595703124,0.3051422119140625,0.45771331787109376,0.5831544399261475,50,3,"[z(RR_t), z(|ΔRR|_{t-10})] lagged absolute increment",False,,1881,381,0.2747412073490814,0.2779999999999999,0.03925405116577791,0.32480000000000003,0.0,424,0.2792679245283019,0.2784,0.3136,0.004526717179220485
P2,vfdb,607,vfdb_607_clean.npz,VT,too_short,0.037178887261284724,0.0,0.011153666178385417,0.026025221082899307,0.037178887261284724,0.5831300020217896,50,3,"[z(RR_t), z(|ΔRR|_{t-10})] lagged absolute increment",False,,1856,50,0.25632,0.2634,0.031431449218895395,0.29356,0.0,32,0.2764,0.2766,0.2986,0.020079999999999987
P2,vfdb,609,vfdb_609_clean.npz,VFL,short_15_60min,0.28363888210720484,0.0,0.09454629403573495,0.1890925880714699,0.28363888210720484,0.5829211473464966,50,3,"[z(RR_t), z(|ΔRR|_{t-10})] lagged absolute increment",False,,2196,315,0.28841396825396826,0.282,0.043498163381760074,0.3468800000000001,0.012698412698412698,357,0.2822173669467787,0.2808,0.32911999999999997,-0.006196601307189575
P2,vfdb,610,vfdb_610_clean.npz,VT,short_15_60min,0.5109611002604166,0.0,0.1703203667534722,0.3406407335069444,0.5109611002604166,0.5830910801887512,50,3,"[z(RR_t), z(|ΔRR|_{t-10})] lagged absolute increment",False,,2115,572,0.2716916083916084,0.2734,0.04444404983734656,0.33391999999999994,0.0,619,0.28660872374798063,0.29079999999999995,0.3397600000000001,0.014917115356372246
P2,vfdb,611,vfdb_611_clean.npz,VT,short_15_60min,0.3322855631510417,0.0,0.11076185438368057,0.22152370876736113,0.3322855631510417,0.583246648311615,50,3,"[z(RR_t), z(|ΔRR|_{t-10})] lagged absolute increment",False,,4121,572,0.28945244755244753,0.28600000000000003,0.044723402193926357,0.3471600000000001,0.012237762237762238,627,0.2922743221690591,0.2956,0.3652,0.0028218746166115416
P2,vfdb,612,vfdb_612_clean.npz,VT,short_15_60min,0.4742733425564236,0.0,0.15809111418547453,0.31618222837094906,0.4742733425564236,0.5832744836807251,50,3,"[z(RR_t), z(|ΔRR|_{t-10})] lagged absolute increment",False,,2456,424,0.2786047169811321,0.2796,0.0518533852574328,0.34600000000000003,0.01179245283018868,510,0.28892078431372553,0.28659999999999997,0.34604,0.010316067332593437
P2,vfdb,614,vfdb_614_clean.npz,VT,short_15_60min,0.3954910956488715,0.0,0.13183036521629052,0.26366073043258104,0.3954910956488715,0.5832656025886536,50,3,"[z(RR_t), z(|ΔRR|_{t-10})] lagged absolute increment",False,,3474,384,0.2749770833333333,0.2682,0.04195431413843383,0.3307199999999999,0.0,682,0.275749560117302,0.27980000000000005,0.31716,0.0007724767839686897
P2,vfdb,615,vfdb_615_clean.npz,VT,too_short,0.09078999837239583,0.0,0.02723699951171875,0.06355299886067708,0.09078999837239583,0.5829344391822815,50,3,"[z(RR_t), z(|ΔRR|_{t-10})] lagged absolute increment",False,,1586,62,0.2552516129032258,0.2516,0.024419715342291412,0.29475999999999997,0.0,71,0.27415774647887325,0.2788,0.302,0.018906133575647466
P3,sddb,30,rr_30_clean.npz,SDDB,holter_analytic,7.909166666666667,0.5,3.5,4.909166666666667,7.909166666666667,23.99967384338379,50,3,"[z(RR), z(ΔRR)] signed increment (control arm)",False,,128805,12519,0.5640008307372794,0.5724,0.06495019942796261,0.644,0.9878584551481747,13129,0.554805727778201,0.5576000000000001,0.6247999999999999,-0.009195102959078327
P3,sddb,31,rr_31_clean.npz,SDDB,holter_analytic,13.966329210069444,3.9663292100694445,6.9663292100694445,10.966329210069444,13.966329210069444,13.966328620910645,50,3,"[z(RR), z(ΔRR)] signed increment (control arm)",False,,63215,13480,0.5672664391691395,0.5664000000000001,0.049785491088557045,0.6320000000000001,0.9996290801186943,12710,0.5601636191974823,0.5648,0.618,-0.007102819971657293
P3,sddb,32,rr_32_clean.npz,SDDB,holter_analytic,16.755,6.754999999999999,9.754999999999999,13.754999999999999,16.755,23.999834060668945,50,3,"[z(RR), z(ΔRR)] signed increment (control arm)",False,,127197,15165,0.5621046620507749,0.5632000000000001,0.03699274738480992,0.6083999999999999,1.0,13817,0.5496197727437215,0.5496000000000001,0.5968,-0.012484889307053382
P3,sddb,35,rr_35_clean.npz,SDDB,holter_analytic,23.999811197916667,6.0,16.0,20.999811197916667,23.999811197916667,23.99981117248535,50,3,"[z(RR), z(ΔRR)] signed increment (control arm)",False,,100739,43438,0.5518554629586998,0.5532000000000001,0.039466164172905965,0.6015999999999999,0.9996777015516368,13467,0.5554845177099577,0.5568000000000001,0.604,0.003629054751257854
P3,sddb,36,rr_36_clean.npz,SDDB,holter_analytic,18.98361111111111,8.98361111111111,11.98361111111111,15.98361111111111,18.98361111111111,20.324308395385742,50,3,"[z(RR), z(ΔRR)] signed increment (control arm)",False,,77321,10663,0.5597744349620182,0.5607999999999999,0.037126021437571904,0.6072000000000001,1.0,11278,0.5581562688419933,0.5591999999999999,0.6044,-0.0016181661200248554
P3,sddb,38,rr_38_clean.npz,SDDB,holter_analytic,8.031666666666666,0.5,3.5,5.031666666666666,8.031666666666666,18.302597045898438,50,3,"[z(RR), z(ΔRR)] signed increment (control arm)",False,,74428,18295,0.5390732549877015,0.5403999999999999,0.040876045946295174,0.5899999999999999,0.9978136102760317,17697,0.5518163982595921,0.5516000000000001,0.6040000000000001,0.012743143271890522
P3,sddb,45,rr_45_clean.npz,SDDB,holter_analytic,18.154722222222222,8.154722222222222,11.154722222222222,15.154722222222222,18.154722222222222,23.811418533325195,50,3,"[z(RR), z(ΔRR)] signed increment (control arm)",False,,99135,11980,0.5971628380634391,0.6,0.03615461983644715,0.6448,1.0,11994,0.5911675837918959,0.5952000000000002,0.6448,-0.005995254271543127
P3,sddb,47,rr_47_clean.npz,SDDB,holter_analytic,6.216944444444445,0.5,3.5,3.2169444444444446,6.216944444444445,23.597131729125977,50,3,"[z(RR), z(ΔRR)] signed increment (control arm)",False,,92810,10168,0.5305637293469709,0.5307999999999999,0.05041475100348535,0.5932000000000001,0.9940991345397325,9884,0.5414846620801296,0.5431999999999999,0.6068,0.01092093273315864
P3,sddb,50,rr_50_clean.npz,SDDB,holter_analytic,11.761944444444444,1.7619444444444436,4.761944444444444,8.761944444444444,11.761944444444444,23.126861572265625,50,3,"[z(RR), z(ΔRR)] signed increment (control arm)",False,,64251,8103,0.5448798222880415,0.5456000000000001,0.035180140448659726,0.5895999999999999,1.0,8004,0.5511523738130935,0.5516000000000001,0.5976,0.006272551525051906
P3,sddb,51,rr_51_clean.npz,SDDB,holter_analytic,22.973055555555554,12.973055555555554,15.973055555555554,19.973055555555554,22.973055555555554,23.999605178833008,50,3,"[z(RR), z(ΔRR)] signed increment (control arm)",False,,77929,9281,0.513173709729555,0.5152000000000001,0.049546302131056943,0.5760000000000001,0.9849154185971339,10694,0.4890629885917337,0.4888,0.5640000000000001,-0.02411072113782131
P3,sddb,44,rr_44_clean.npz,SDDB,holter_analytic,19.645833333333332,9.645833333333332,12.645833333333332,16.645833333333332,19.645833333333332,23.33289909362793,50,3,"[z(RR), z(ΔRR)] signed increment (control arm)",False,,118665,15731,0.5584576949971394,0.5552000000000001,0.033750994867836476,0.6044,1.0,15969,0.5637328073141711,0.5628,0.6232,0.005275112317031705
P3,vfdb,418,vfdb_418_clean.npz,VFL,too_short,0.1106933339436849,0.0,0.03320800018310547,0.07748533376057942,0.1106933339436849,0.5833266973495483,50,3,"[z(RR), z(ΔRR)] signed increment (control arm)",False,,4291,171,0.5958900584795321,0.5928,0.050099448065700374,0.6664,1.0,226,0.5803451327433629,0.5740000000000001,0.6332,-0.01554492573616928
P3,vfdb,419,vfdb_419_clean.npz,VFL,too_short,0.011334444681803385,0.0,0.0034003334045410154,0.00793411127726237,0.011334444681803385,0.5833255052566528,50,3,"[z(RR), z(ΔRR)] signed increment (control arm)",True,no_basal,,,,,,,,,,,,
P3,vfdb,420,vfdb_420_clean.npz,VT,short_15_60min,0.3972644382052951,0.0,0.13242147940176505,0.2648429588035301,0.3972644382052951,0.5832522511482239,50,3,"[z(RR), z(ΔRR)] signed increment (control arm)",False,,2973,494,0.5914655870445344,0.5926,0.024457926982201797,0.6212,1.0,522,0.6186068965517242,0.6216000000000002,0.6440000000000001,0.027141309507189737
P3,vfdb,421,vfdb_421_clean.npz,VT,too_short,0.24837554931640626,0.0,0.07451266479492187,0.17386288452148438,0.24837554931640626,0.5832855105400085,50,3,"[z(RR), z(ΔRR)] signed increment (control arm)",False,,4415,430,0.5646241860465117,0.5612,0.042584713614627095,0.62404,1.0,485,0.5513740206185567,0.5528000000000001,0.6096,-0.013250165427954985
P3,vfdb,422,vfdb_422_clean.npz,VT,short_15_60min,0.37023444281684026,0.0,0.12341148093894676,0.24682296187789352,0.37023444281684026,0.5825422406196594,50,3,"[z(RR), z(ΔRR)] signed increment (control arm)",False,,3973,710,0.5798552112676056,0.5828,0.043794397926493964,0.6416400000000001,1.0,766,0.5783451697127937,0.5808,0.6248,-0.0015100415548119361
P3,vfdb,423,vfdb_423_clean.npz,VT,too_short,0.24957222832573786,0.0,0.07487166849772135,0.1747005598280165,0.24957222832573786,0.48622000217437744,50,3,"[z(RR), z(ΔRR)] signed increment (control arm)",False,,2860,279,0.5657992831541219,0.5660000000000001,0.02412388277032203,0.5976800000000001,1.0,333,0.559294894894895,0.56,0.6011200000000001,-0.006504388259226834
P3,vfdb,424,vfdb_424_clean.npz,VFIB,short_15_60min,0.3497211032443576,0.0,0.11657370108145254,0.23314740216290508,0.3497211032443576,0.5809099674224854,50,3,"[z(RR), z(ΔRR)] signed increment (control arm)",False,,3894,860,0.5549390697674418,0.552,0.0318418973530417,0.6019999999999999,1.0,866,0.5277893764434181,0.5346,0.5878000000000001,-0.027149693324023727
P3,vfdb,425,vfdb_425_clean.npz,VT,short_15_60min,0.25822555541992187,0.0,0.08607518513997396,0.17215037027994792,0.25822555541992187,0.5832855105400085,50,3,"[z(RR), z(ΔRR)] signed increment (control arm)",False,,2058,193,0.5400953367875648,0.5476,0.048287953517812156,0.6028,1.0,242,0.572499173553719,0.5644,0.61996,0.032403836766154215
P3,vfdb,426,vfdb_426_clean.npz,VF,too_short,0.179368896484375,0.0,0.0538106689453125,0.1255582275390625,0.179368896484375,0.5832611322402954,50,3,"[z(RR), z(ΔRR)] signed increment (control arm)",False,,3701,168,0.6251476190476191,0.6298,0.023365483681370692,0.6496000000000001,1.0,232,0.5620310344827586,0.5686,0.6056,-0.06311658456486047
P3,vfdb,427,vfdb_427_clean.npz,VT,too_short,0.18013776991102431,0.0,0.054041330973307294,0.12609643893771702,0.18013776991102431,0.5832777619361877,50,3,"[z(RR), z(ΔRR)] signed increment (control arm)",False,,4241,188,0.5675851063829788,0.5694000000000001,0.02779604654824291,0.5975999999999999,1.0,243,0.5401942386831275,0.542,0.584,-0.027390867699851218
P3,vfdb,428,vfdb_428_clean.npz,VT,short_15_60min,0.4687388780381944,0.0,0.15624629267939813,0.31249258535879626,0.4687388780381944,0.5833077430725098,50,3,"[z(RR), z(ΔRR)] signed increment (control arm)",False,,3272,765,0.5772522875816993,0.5776,0.03648150589743725,0.62688,1.0,840,0.5488876190476191,0.5508000000000001,0.5924,-0.028364668534080262
P3,vfdb,429,vfdb_429_clean.npz,VT,too_short,0.11181555853949653,0.0,0.033544667561848956,0.07827089097764757,0.11181555853949653,0.5833211541175842,50,3,"[z(RR), z(ΔRR)] signed increment (control arm)",False,,3609,147,0.546078911564626,0.5444,0.017503734222744566,0.5680000000000001,1.0,198,0.5219333333333332,0.5198,0.5665200000000001,-0.024145578231292708
P3,vfdb,430,vfdb_430_clean.npz,VT,too_short,0.05766999986436632,0.0,0.017300999959309896,0.04036899990505642,0.05766999986436632,0.583258867263794,50,3,"[z(RR), z(ΔRR)] signed increment (control arm)",False,,4845,64,0.60815,0.6048,0.016396569763215744,0.63376,1.0,113,0.5249769911504426,0.5288,0.56016,-0.08317300884955736
P3,vfdb,602,vfdb_602_clean.npz,VT,too_short,0.134750001695421,0.0,0.0404250005086263,0.0943250011867947,0.134750001695421,0.5832266807556152,50,3,"[z(RR), z(ΔRR)] signed increment (control arm)",False,,2963,130,0.5579446153846155,0.5698000000000001,0.05133093243700207,0.6214400000000001,1.0,179,0.5452871508379888,0.5548000000000001,0.5860800000000002,-0.01265746454662664
P3,vfdb,605,vfdb_605_clean.npz,VT,short_15_60min,0.45771331787109376,0.0,0.15257110595703124,0.3051422119140625,0.45771331787109376,0.5831544399261475,50,3,"[z(RR), z(ΔRR)] signed increment (control arm)",False,,1881,381,0.547851968503937,0.546,0.033596817865174,0.5876,1.0,424,0.568183962264151,0.5722,0.60724,0.020331993760213996
P3,vfdb,607,vfdb_607_clean.npz,VT,too_short,0.037178887261284724,0.0,0.011153666178385417,0.026025221082899307,0.037178887261284724,0.5831300020217896,50,3,"[z(RR), z(ΔRR)] signed increment (control arm)",False,,1856,50,0.595664,0.5978,0.014117305125270896,0.61336,1.0,32,0.58845,0.5859999999999999,0.6048,-0.007213999999999943
P3,vfdb,609,vfdb_609_clean.npz,VFL,short_15_60min,0.28363888210720484,0.0,0.09454629403573495,0.1890925880714699,0.28363888210720484,0.5829211473464966,50,3,"[z(RR), z(ΔRR)] signed increment (control arm)",False,,2196,315,0.5639073015873016,0.5647999999999999,0.02792257851866958,0.6001600000000001,1.0,357,0.5698420168067228,0.5704000000000001,0.6064,0.005934715219421127
P3,vfdb,610,vfdb_610_clean.npz,VT,short_15_60min,0.5109611002604166,0.0,0.1703203667534722,0.3406407335069444,0.5109611002604166,0.5830910801887512,50,3,"[z(RR), z(ΔRR)] signed increment (control arm)",False,,2115,572,0.5406426573426573,0.5386,0.037767579594978104,0.59556,1.0,619,0.5510642972536349,0.5488,0.608,0.010421639910977665
P3,vfdb,611,vfdb_611_clean.npz,VT,short_15_60min,0.3322855631510417,0.0,0.11076185438368057,0.22152370876736113,0.3322855631510417,0.583246648311615,50,3,"[z(RR), z(ΔRR)] signed increment (control arm)",False,,4121,572,0.5685454545454545,0.5720000000000001,0.046013632408784366,0.622,1.0,627,0.5700140350877193,0.5728,0.6164000000000001,0.0014685805422648412
P3,vfdb,612,vfdb_612_clean.npz,VT,short_15_60min,0.4742733425564236,0.0,0.15809111418547453,0.31618222837094906,0.4742733425564236,0.5832744836807251,50,3,"[z(RR), z(ΔRR)] signed increment (control arm)",False,,2456,424,0.5221,0.516,0.04256675778027414,0.5840000000000001,1.0,510,0.5507850980392157,0.5518000000000001,0.6248400000000001,0.028685098039215706
P3,vfdb,614,vfdb_614_clean.npz,VT,short_15_60min,0.3954910956488715,0.0,0.13183036521629052,0.26366073043258104,0.3954910956488715,0.5832656025886536,50,3,"[z(RR), z(ΔRR)] signed increment (control arm)",False,,3474,384,0.5215427083333334,0.5318,0.04152457667050841,0.5584000000000001,0.9921875,682,0.520757771260997,0.5207999999999999,0.5686800000000001,-0.0007849370723364002
P3,vfdb,615,vfdb_615_clean.npz,VT,too_short,0.09078999837239583,0.0,0.02723699951171875,0.06355299886067708,0.09078999837239583,0.5829344391822815,50,3,"[z(RR), z(ΔRR)] signed increment (control arm)",False,,1586,62,0.5879483870967742,0.5850000000000001,0.014304068245302975,0.60636,1.0,71,0.5819323943661973,0.5736,0.6112,-0.006015992730576958
P4,sddb,30,rr_30_clean.npz,SDDB,holter_analytic,7.909166666666667,0.5,3.5,4.909166666666667,7.909166666666667,23.99967384338379,50,3,"[z(RR), z(r)] residual of |ΔRR| after OLS on RR",False,,128805,12519,0.41251994568256256,0.41319999999999996,0.05845476406259624,0.4864,0.5938972761402668,13129,0.4079611546957118,0.4052,0.476,-0.004558790986850747
P4,sddb,31,rr_31_clean.npz,SDDB,holter_analytic,13.966329210069444,3.9663292100694445,6.9663292100694445,10.966329210069444,13.966329210069444,13.966328620910645,50,3,"[z(RR), z(r)] residual of |ΔRR| after OLS on RR",False,,63215,13480,0.48533955489614244,0.481,0.06154598330941631,0.5680000000000001,0.9263353115727003,12710,0.47914564909520063,0.47919999999999996,0.5448000000000001,-0.006193905800941812
P4,sddb,32,rr_32_clean.npz,SDDB,holter_analytic,16.755,6.754999999999999,9.754999999999999,13.754999999999999,16.755,23.999834060668945,50,3,"[z(RR), z(r)] residual of |ΔRR| after OLS on RR",False,,127197,15165,0.4671547642598088,0.4680000000000001,0.05325277249424596,0.5344,0.9006923837784372,13817,0.4594801765940508,0.4588,0.5192000000000001,-0.007674587665757959
P4,sddb,35,rr_35_clean.npz,SDDB,holter_analytic,23.999811197916667,6.0,16.0,20.999811197916667,23.999811197916667,23.99981117248535,50,3,"[z(RR), z(r)] residual of |ΔRR| after OLS on RR",False,,100739,43438,0.40653230811731667,0.40599999999999997,0.0428101155976692,0.4616,0.5554353331184677,13467,0.4099101804410782,0.41040000000000004,0.46279999999999993,0.0033778723237615216
P4,sddb,36,rr_36_clean.npz,SDDB,holter_analytic,18.98361111111111,8.98361111111111,11.98361111111111,15.98361111111111,18.98361111111111,20.324308395385742,50,3,"[z(RR), z(r)] residual of |ΔRR| after OLS on RR",False,,77321,10663,0.4098487855200225,0.40800000000000003,0.043408432042711304,0.4668,0.5771358904623465,11278,0.4082708990955843,0.4068,0.464,-0.0015778864244382351
P4,sddb,38,rr_38_clean.npz,SDDB,holter_analytic,8.031666666666666,0.5,3.5,5.031666666666666,8.031666666666666,18.302597045898438,50,3,"[z(RR), z(r)] residual of |ΔRR| after OLS on RR",False,,74428,18295,0.41565608089641976,0.4156,0.04925805939608992,0.47840000000000005,0.6335064225198141,17697,0.42432009945188454,0.4196,0.49720000000000003,0.00866401855546478
P4,sddb,45,rr_45_clean.npz,SDDB,holter_analytic,18.154722222222222,8.154722222222222,11.154722222222222,15.154722222222222,18.154722222222222,23.811418533325195,50,3,"[z(RR), z(r)] residual of |ΔRR| after OLS on RR",False,,99135,11980,0.47953692821368954,0.4756,0.05260730928521472,0.5484,0.9501669449081803,11994,0.4974214107053526,0.492,0.5791999999999999,0.01788448249166308
P4,sddb,47,rr_47_clean.npz,SDDB,holter_analytic,6.216944444444445,0.5,3.5,3.2169444444444446,6.216944444444445,23.597131729125977,50,3,"[z(RR), z(r)] residual of |ΔRR| after OLS on RR",False,,92810,10168,0.4075862706530291,0.40240000000000004,0.052782561108921856,0.4712,0.524390243902439,9884,0.43585074868474305,0.4244,0.5452000000000001,0.028264478031713947
P4,sddb,50,rr_50_clean.npz,SDDB,holter_analytic,11.761944444444444,1.7619444444444436,4.761944444444444,8.761944444444444,11.761944444444444,23.126861572265625,50,3,"[z(RR), z(r)] residual of |ΔRR| after OLS on RR",False,,64251,8103,0.4365056892508947,0.43679999999999997,0.039557390104757666,0.4876,0.8271010736764162,8004,0.4337179410294853,0.434,0.4808,-0.002787748221409425
P4,sddb,51,rr_51_clean.npz,SDDB,holter_analytic,22.973055555555554,12.973055555555554,15.973055555555554,19.973055555555554,22.973055555555554,23.999605178833008,50,3,"[z(RR), z(r)] residual of |ΔRR| after OLS on RR",False,,77929,9281,0.4454521711022518,0.44520000000000004,0.04622706411405702,0.5064,0.8308371942678591,10694,0.43055567608004486,0.4311999999999999,0.49440000000000006,-0.014896495022206968
P4,sddb,44,rr_44_clean.npz,SDDB,holter_analytic,19.645833333333332,9.645833333333332,12.645833333333332,16.645833333333332,19.645833333333332,23.33289909362793,50,3,"[z(RR), z(r)] residual of |ΔRR| after OLS on RR",False,,118665,15731,0.47737766194138964,0.4756,0.06714951226683466,0.5636000000000001,0.8591952196300299,15969,0.5481995866992297,0.562,0.6663999999999999,0.0708219247578401
P4,vfdb,418,vfdb_418_clean.npz,VFL,too_short,0.1106933339436849,0.0,0.03320800018310547,0.07748533376057942,0.1106933339436849,0.5833266973495483,50,3,"[z(RR), z(r)] residual of |ΔRR| after OLS on RR",False,,4291,171,0.5586269005847954,0.5559999999999999,0.08453450647593838,0.6664000000000001,1.0,226,0.5255451327433629,0.5362,0.5902000000000001,-0.03308176784143246
P4,vfdb,419,vfdb_419_clean.npz,VFL,too_short,0.011334444681803385,0.0,0.0034003334045410154,0.00793411127726237,0.011334444681803385,0.5833255052566528,50,3,"[z(RR), z(r)] residual of |ΔRR| after OLS on RR",True,no_basal,,,,,,,,,,,,
P4,vfdb,420,vfdb_420_clean.npz,VT,short_15_60min,0.3972644382052951,0.0,0.13242147940176505,0.2648429588035301,0.3972644382052951,0.5832522511482239,50,3,"[z(RR), z(r)] residual of |ΔRR| after OLS on RR",False,,2973,494,0.4091263157894737,0.4136,0.03775470900985062,0.456,0.6639676113360324,522,0.4656406130268199,0.4718,0.5144000000000001,0.05651429723734619
P4,vfdb,421,vfdb_421_clean.npz,VT,too_short,0.24837554931640626,0.0,0.07451266479492187,0.17386288452148438,0.24837554931640626,0.5832855105400085,50,3,"[z(RR), z(r)] residual of |ΔRR| after OLS on RR",False,,4415,430,0.407206511627907,0.40480000000000005,0.044583992897843754,0.4672800000000001,0.541860465116279,485,0.4088915463917526,0.4148,0.4696000000000001,0.0016850347638456276
P4,vfdb,422,vfdb_422_clean.npz,VT,short_15_60min,0.37023444281684026,0.0,0.12341148093894676,0.24682296187789352,0.37023444281684026,0.5825422406196594,50,3,"[z(RR), z(r)] residual of |ΔRR| after OLS on RR",False,,3973,710,0.48341126760563385,0.46340000000000003,0.10118689325203542,0.6512,0.776056338028169,766,0.441732637075718,0.43900000000000006,0.5048,-0.04167863052991583
P4,vfdb,423,vfdb_423_clean.npz,VT,too_short,0.24957222832573786,0.0,0.07487166849772135,0.1747005598280165,0.24957222832573786,0.48622000217437744,50,3,"[z(RR), z(r)] residual of |ΔRR| after OLS on RR",False,,2860,279,0.4005519713261649,0.4004,0.032010067659999475,0.44079999999999997,0.5053763440860215,333,0.3980108108108108,0.3872,0.47152,-0.0025411605153540795
P4,vfdb,424,vfdb_424_clean.npz,VFIB,short_15_60min,0.3497211032443576,0.0,0.11657370108145254,0.23314740216290508,0.3497211032443576,0.5809099674224854,50,3,"[z(RR), z(r)] residual of |ΔRR| after OLS on RR",False,,3894,860,0.3884906976744186,0.39039999999999997,0.03452984899483741,0.4328,0.40930232558139534,866,0.3805847575057737,0.3718,0.46440000000000003,-0.007905940168644876
P4,vfdb,425,vfdb_425_clean.npz,VT,short_15_60min,0.25822555541992187,0.0,0.08607518513997396,0.17215037027994792,0.25822555541992187,0.5832855105400085,50,3,"[z(RR), z(r)] residual of |ΔRR| after OLS on RR",False,,2058,193,0.41631502590673564,0.42200000000000004,0.036108601764294146,0.45552000000000004,0.7046632124352331,242,0.449895867768595,0.4414,0.53592,0.03358084186185939
P4,vfdb,426,vfdb_426_clean.npz,VF,too_short,0.179368896484375,0.0,0.0538106689453125,0.1255582275390625,0.179368896484375,0.5832611322402954,50,3,"[z(RR), z(r)] residual of |ΔRR| after OLS on RR",False,,3701,168,0.4563238095238096,0.46120000000000005,0.04441887098715187,0.51248,0.8869047619047619,232,0.38347241379310343,0.37640000000000007,0.44516,-0.07285139573070615
P4,vfdb,427,vfdb_427_clean.npz,VT,too_short,0.18013776991102431,0.0,0.054041330973307294,0.12609643893771702,0.18013776991102431,0.5832777619361877,50,3,"[z(RR), z(r)] residual of |ΔRR| after OLS on RR",False,,4241,188,0.41270000000000007,0.404,0.057627780313229016,0.49316,0.5478723404255319,243,0.40124938271604943,0.4136,0.45344,-0.011450617283950637
P4,vfdb,428,vfdb_428_clean.npz,VT,short_15_60min,0.4687388780381944,0.0,0.15624629267939813,0.31249258535879626,0.4687388780381944,0.5833077430725098,50,3,"[z(RR), z(r)] residual of |ΔRR| after OLS on RR",False,,3272,765,0.5070771241830065,0.5148,0.04068505867726891,0.54608,0.9620915032679739,840,0.45391476190476193,0.45539999999999997,0.49720000000000003,-0.05316236227824461
P4,vfdb,429,vfdb_429_clean.npz,VT,too_short,0.11181555853949653,0.0,0.033544667561848956,0.07827089097764757,0.11181555853949653,0.5833211541175842,50,3,"[z(RR), z(r)] residual of |ΔRR| after OLS on RR",False,,3609,147,0.46141768707482994,0.4620000000000001,0.04288456852738091,0.5185599999999999,0.891156462585034,198,0.38424848484848484,0.38780000000000003,0.42504000000000003,-0.0771692022263451
P4,vfdb,430,vfdb_430_clean.npz,VT,too_short,0.05766999986436632,0.0,0.017300999959309896,0.04036899990505642,0.05766999986436632,0.583258867263794,50,3,"[z(RR), z(r)] residual of |ΔRR| after OLS on RR",False,,4845,64,0.6552,0.6607999999999999,0.023415699861417744,0.6816,1.0,113,0.5251646017699115,0.5192,0.5782400000000001,-0.13003539823008847
P4,vfdb,602,vfdb_602_clean.npz,VT,too_short,0.134750001695421,0.0,0.0404250005086263,0.0943250011867947,0.134750001695421,0.5832266807556152,50,3,"[z(RR), z(r)] residual of |ΔRR| after OLS on RR",False,,2963,130,0.4746061538461539,0.48839999999999995,0.03959677483728685,0.5176400000000001,0.9538461538461539,179,0.4658748603351956,0.4643999999999999,0.5344,-0.008731293510958305
P4,vfdb,605,vfdb_605_clean.npz,VT,short_15_60min,0.45771331787109376,0.0,0.15257110595703124,0.3051422119140625,0.45771331787109376,0.5831544399261475,50,3,"[z(RR), z(r)] residual of |ΔRR| after OLS on RR",False,,1881,381,0.43235695538057745,0.4336,0.04340268669999055,0.4844,0.7375328083989501,424,0.43091320754716983,0.43179999999999996,0.47988000000000003,-0.001443747833407616
P4,vfdb,607,vfdb_607_clean.npz,VT,too_short,0.037178887261284724,0.0,0.011153666178385417,0.026025221082899307,0.037178887261284724,0.5831300020217896,50,3,"[z(RR), z(r)] residual of |ΔRR| after OLS on RR",False,,1856,50,0.455784,0.44880000000000003,0.024266547838536885,0.48496,1.0,32,0.4660375,0.4676000000000001,0.5040399999999999,0.010253499999999971
P4,vfdb,609,vfdb_609_clean.npz,VFL,short_15_60min,0.28363888210720484,0.0,0.09454629403573495,0.1890925880714699,0.28363888210720484,0.5829211473464966,50,3,"[z(RR), z(r)] residual of |ΔRR| after OLS on RR",False,,2196,315,0.420344126984127,0.4152,0.039940780632971816,0.4768,0.6571428571428571,357,0.3913434173669468,0.3888,0.42944000000000004,-0.02900070961718021
P4,vfdb,610,vfdb_610_clean.npz,VT,short_15_60min,0.5109611002604166,0.0,0.1703203667534722,0.3406407335069444,0.5109611002604166,0.5830910801887512,50,3,"[z(RR), z(r)] residual of |ΔRR| after OLS on RR",False,,2115,572,0.4435013986013986,0.4408000000000001,0.04686554564574369,0.5048,0.8776223776223776,619,0.4578481421647819,0.4664,0.5324,0.014346743563383335
P4,vfdb,611,vfdb_611_clean.npz,VT,short_15_60min,0.3322855631510417,0.0,0.11076185438368057,0.22152370876736113,0.3322855631510417,0.583246648311615,50,3,"[z(RR), z(r)] residual of |ΔRR| after OLS on RR",False,,4121,572,0.3933713286713287,0.3878,0.053117113150315726,0.45592,0.40559440559440557,627,0.46564338118022325,0.47280000000000005,0.5567200000000001,0.07227205250889457
P4,vfdb,612,vfdb_612_clean.npz,VT,short_15_60min,0.4742733425564236,0.0,0.15809111418547453,0.31618222837094906,0.4742733425564236,0.5832744836807251,50,3,"[z(RR), z(r)] residual of |ΔRR| after OLS on RR",False,,2456,424,0.42273773584905655,0.42700000000000005,0.04934524398873293,0.4848,0.6627358490566038,510,0.43531372549019604,0.4252,0.5368400000000001,0.012575989641139484
P4,vfdb,614,vfdb_614_clean.npz,VT,short_15_60min,0.3954910956488715,0.0,0.13183036521629052,0.26366073043258104,0.3954910956488715,0.5832656025886536,50,3,"[z(RR), z(r)] residual of |ΔRR| after OLS on RR",False,,3474,384,0.4230500000000001,0.4312,0.042148319460369156,0.47000000000000003,0.71875,682,0.41630381231671554,0.4042,0.5176000000000001,-0.006746187683284555
P4,vfdb,615,vfdb_615_clean.npz,VT,too_short,0.09078999837239583,0.0,0.02723699951171875,0.06355299886067708,0.09078999837239583,0.5829344391822815,50,3,"[z(RR), z(r)] residual of |ΔRR| after OLS on RR",False,,1586,62,0.45256129032258063,0.4486,0.029088914609757727,0.4996,1.0,71,0.4151774647887324,0.4196,0.4372,-0.037383825533848225
