feature,n_records,mean_cohens_d,median_cohens_d,mean_pearson_r,mean_of_mean_high,mean_of_mean_low,mean_delta
MI_bits,18,6.2154002809741575,6.279432439910094,0.9562855438467222,0.9963978594859886,0.527335918835407,0.4690619406505816
NMI,18,5.1862696067178655,5.298871489983418,0.9071873453379252,0.4145258990769237,0.23411812317057207,0.18040777590635165
diversity,18,-1.6367815939830228,-1.7133682794875462,-0.4328593518163289,0.5137254613693324,0.5956222609852662,-0.08189679961593377
joint_support_frac,18,-1.6367815939830228,-1.7133682794875462,-0.4328593518163289,0.5137254613693324,0.5956222609852662,-0.08189679961593377
n_unique_joint,18,-1.6367815939830228,-1.713368279487545,-0.4328593518163289,18.49411660929597,21.44240139546958,-2.9482847861736126
H_joint,18,-1.564759227468575,-1.6143488705493825,-0.43129831955297626,3.9191280476617547,4.174267827855015,-0.25513978019326045
H_pi1,18,1.3404760704632745,1.313232782801705,0.35377519708354693,2.44021734664314,2.2904117512783038,0.14980559536483629
rr_ar1,18,-1.2780347773702245,-1.2628913374385662,-0.35611858313066336,0.5274376323249176,0.78526613340678,-0.2578285010818624
top3_joint_frac,18,1.0046668005270638,1.0548664551806333,0.3078492734248863,0.3488632022269439,0.2993611927994578,0.049502009427486116
rr_cv,18,-0.6728989310880013,-0.7316581360035219,-0.17041601369417694,0.05287332998460053,0.06750463965283625,-0.014631309668235719
H_pi2,18,0.6054954004454229,0.5747265510483163,0.18207934654858288,2.4753085605046032,2.4111919954121186,0.06411656509248465
rr_std,18,-0.534162483933227,-0.6074007712098094,-0.13689727150518663,41.55171984158338,50.24161918794933,-8.689899346365955
max_joint_frac,18,0.5122668005425939,0.5154139867749973,0.17389474760446041,0.13799059105519043,0.12366743815018055,0.014323152905009878
rr_range,18,-0.4307421091028459,-0.4693241440565039,-0.11345538057252876,177.88652422869757,209.06114774230554,-31.17462351360797
rr_mean,18,0.3928756782097259,0.24706051839265963,0.09436484020343423,769.5764306456109,731.9533069870788,37.62312365853211
rmssd,18,0.33467966515248804,0.10461911772630272,0.09490284097641238,37.64764821467256,30.612120155742346,7.035528058930211
n_unique_pi2,18,0.1704311767134363,0.1592991598810917,0.05450108557482144,5.995364629226856,5.972046065698526,0.023318563528329506
n_unique_pi1,18,0.08552107600533851,0.08058899526563995,0.021249018585413507,5.99310922207276,5.984056611575988,0.009052610496771862
