proxy_id,cohort,record_id,source_path,event_label,duration_stratum,event_hr,basal_start,basal_end,approach_start,approach_end,total_hours,L,m,n_surr,surr_method,skipped,skip_reason,n_symbols,n_S_basal,n_S_approach,mean_S_basal,mean_S_approach,p90_S_basal,delta_mean_S_approach_minus_basal,mean_Sex_basal,mean_Sex_approach,p90_Sex_basal,delta_mean_Sex_approach_minus_basal,mean_Sz_basal,mean_Sz_approach,p90_Sz_basal,delta_mean_Sz_approach_minus_basal,mean_S_surr_med
P2-10,sddb,30,rr_30_clean.npz,SDDB,holter_analytic,7.909166666666667,0.5,3.5,4.909166666666667,7.909166666666667,23.99967384338379,50,3,19,phase,False,,128805,12519,13129,0.2830248422397955,0.2799017137634245,0.3444,-0.0031231284763710287,0.00882757408738717,0.005665747581689391,0.07120000000000004,-0.003161826505697779,0.18456163771735704,0.1010391512722392,1.7584514908117157,-0.08352248644511784,0.2569287582714592
P2-10,sddb,31,rr_31_clean.npz,SDDB,holter_analytic,13.966329210069444,3.9663292100694445,6.9663292100694445,10.966329210069444,13.966329210069444,13.966328620910645,50,3,19,phase,False,,63215,13480,12710,0.2740950741839763,0.2664764437450826,0.3348,-0.007618630438893659,0.0017463204747774496,-0.007072258064516128,0.06240000000000001,-0.008818578539293577,-0.0690279438042261,-0.24949408989476815,1.5364133928454942,-0.18046614609054207,0.2745065129974987
P2-10,sddb,32,rr_32_clean.npz,SDDB,holter_analytic,16.755,6.754999999999999,9.754999999999999,13.754999999999999,16.755,23.999834060668945,50,3,19,phase,False,,127197,15165,13817,0.25117072205736896,0.2604246073677354,0.31240000000000007,0.009253885310366416,-0.018762861852950872,-0.012830107838170368,0.04119999999999996,0.005932754014780503,-0.5236808493658613,-0.36464529847721316,1.0329204894367732,0.15903555088864818,0.26840949130147546
P2-10,sddb,35,rr_35_clean.npz,SDDB,holter_analytic,23.999811197916667,6.0,16.0,20.999811197916667,23.999811197916667,23.99981117248535,50,3,19,phase,False,,100739,43438,13467,0.28194848749942447,0.2780801366302814,0.3360000000000001,-0.0038683508691430557,0.001023500161149224,-0.0030514591222989525,0.05720000000000003,-0.004074959283448177,0.001603830263991689,-0.10889770293334793,1.4324062554472998,-0.11050153319733962,0.2814094428443738
P2-10,sddb,36,rr_36_clean.npz,SDDB,holter_analytic,18.98361111111111,8.98361111111111,11.98361111111111,15.98361111111111,18.98361111111111,20.324308395385742,50,3,19,phase,False,,77321,10663,11278,0.2833786739191597,0.2822948395105515,0.336,-0.0010838344086082086,0.0017309950295414048,0.0005400957616598695,0.05719999999999997,-0.0011908992678815354,0.022713438161492336,-0.01602202222687412,1.427138676093424,-0.038735460388366456,0.2811877575318356
P2-10,sddb,38,rr_38_clean.npz,SDDB,holter_analytic,8.031666666666666,0.5,3.5,5.031666666666666,8.031666666666666,18.302597045898438,50,3,19,phase,False,,74428,18295,17697,0.2774736485378519,0.2730282646776289,0.33240000000000003,-0.004445383860222973,-0.0014932167258813877,-0.0033834661242018423,0.05399999999999994,-0.0018902493983204546,-0.0686980859015984,-0.12232676698150256,1.3125132124662084,-0.053628681079904164,0.2773213460788663
P2-10,sddb,45,rr_45_clean.npz,SDDB,holter_analytic,18.154722222222222,8.154722222222222,11.154722222222222,15.154722222222222,18.154722222222222,23.811418533325195,50,3,19,phase,False,,99135,11980,11994,0.2872580634390651,0.2859949974987494,0.3512,-0.0012630659403157218,0.006834724540901501,0.005819443054860764,0.07319999999999999,-0.001015281486040737,0.1482221458850637,0.1303007478088513,1.8104279745825822,-0.017921398076212375,0.2789576529479442
P2-10,sddb,47,rr_47_clean.npz,SDDB,holter_analytic,6.216944444444445,0.5,3.5,3.2169444444444446,6.216944444444445,23.597131729125977,50,3,19,phase,False,,92810,10168,9884,0.2803179386309992,0.2733974504249292,0.33480000000000004,-0.006920488206069997,0.005314162077104643,0.0013979360582760027,0.06240000000000001,-0.00391622601882864,0.10920771358968528,-0.013839419018479389,1.5533806747514298,-0.12304713260816467,0.25676995288968424
P2-10,sddb,50,rr_50_clean.npz,SDDB,holter_analytic,11.761944444444444,1.7619444444444436,4.761944444444444,8.761944444444444,11.761944444444444,23.126861572265625,50,3,19,phase,False,,64251,8103,8004,0.2852940392447242,0.2875321339330335,0.33912000000000003,0.0022380946883093222,0.004124595828705418,0.005889705147426285,0.06,0.0017651093187208674,0.06617425258279255,0.12941708982858996,1.5008924004705693,0.0632428372457974,0.28115797015669297
P2-10,sddb,51,rr_51_clean.npz,SDDB,holter_analytic,22.973055555555554,12.973055555555554,15.973055555555554,19.973055555555554,22.973055555555554,23.999605178833008,50,3,19,phase,False,,77929,9281,10694,0.2921226591962073,0.2823910604077053,0.34880000000000005,-0.009731598788501994,0.01757245986423877,0.009735627454647466,0.07440000000000002,-0.007836832409591304,0.4173298881149111,0.24716943230565,1.9025087845367616,-0.17016045580926112,0.275708844375963
P2-10,sddb,44,rr_44_clean.npz,SDDB,holter_analytic,19.645833333333332,9.645833333333332,12.645833333333332,16.645833333333332,19.645833333333332,23.33289909362793,50,3,19,phase,False,,118665,15731,15969,0.2672943868794101,0.4047927609743879,0.336,0.13749837409497778,-0.01824860466594622,0.10407031122800427,0.04679999999999995,0.12231891589395048,-0.40939395783422317,1.3247870885547728,0.8887681825542971,1.734181046388996,0.29751433196196136
P2-10,vfdb,418,vfdb_418_clean.npz,VFL,too_short,0.1106933339436849,0.0,0.03320800018310547,0.07748533376057942,0.1106933339436849,0.5833266973495483,50,3,19,phase,False,,4291,171,226,0.4006222222222222,0.25145663716814165,0.6268,-0.14916558505408056,0.1538198830409357,-0.016157522123893805,0.4672000000000001,-0.1699774051648295,2.747521521249703,-0.44495748383824857,7.8427315892201195,-3.1924790050879515,0.2708387553041019
P2-10,vfdb,419,vfdb_419_clean.npz,VFL,too_short,0.011334444681803385,0.0,0.0034003334045410154,0.00793411127726237,0.011334444681803385,0.5833255052566528,50,3,19,phase,True,no_basal,,,,,,,,,,,,,,,,
P2-10,vfdb,420,vfdb_420_clean.npz,VT,short_15_60min,0.3972644382052951,0.0,0.13242147940176505,0.2648429588035301,0.3972644382052951,0.5832522511482239,50,3,19,phase,False,,2973,494,522,0.2842218623481782,0.27961455938697316,0.33788,-0.00460730296120504,0.005157894736842107,-0.0032260536398467455,0.06227999999999998,-0.008383948376688852,0.1407098237157573,-0.019152091409892828,1.5853414837768829,-0.15986191512565012,0.2789355677154583
P2-10,vfdb,421,vfdb_421_clean.npz,VT,too_short,0.24837554931640626,0.0,0.07451266479492187,0.17386288452148438,0.24837554931640626,0.5832855105400085,50,3,19,phase,False,,4415,430,485,0.3088251162790698,0.28792329896907215,0.36244,-0.020901817309997628,0.03091720930232558,0.01257567010309278,0.09040000000000004,-0.0183415391992328,0.8433226169532603,0.2737956137333843,2.4921592524073866,-0.569527003219876,0.26452615666513973
P2-10,vfdb,422,vfdb_422_clean.npz,VT,short_15_60min,0.37023444281684026,0.0,0.12341148093894676,0.24682296187789352,0.37023444281684026,0.5825422406196594,50,3,19,phase,False,,3973,710,766,0.3110602816901409,0.2772281984334204,0.39808000000000004,-0.03383208325672049,0.042015211267605636,0.0054355091383812,0.14400000000000002,-0.036579702129224435,0.9643858141916507,0.1982054670575414,3.458517101707291,-0.7661803471341093,0.2743545361875637
P2-10,vfdb,423,vfdb_423_clean.npz,VT,too_short,0.24957222832573786,0.0,0.07487166849772135,0.1747005598280165,0.24957222832573786,0.48622000217437744,50,3,19,phase,False,,2860,279,333,0.31755842293906816,0.279993993993994,0.38976,-0.03756442894507417,0.03487741935483871,0.0018102102102102082,0.11224000000000002,-0.0330672091446285,0.7910799574741928,0.0560876781665081,2.4687836628797992,-0.7349922793076847,0.2778837424404127
P2-10,vfdb,424,vfdb_424_clean.npz,VFIB,short_15_60min,0.3497211032443576,0.0,0.11657370108145254,0.23314740216290508,0.3497211032443576,0.5809099674224854,50,3,19,phase,False,,3894,860,866,0.29458883720930235,0.27664803695150114,0.3465200000000001,-0.017940800257801204,0.01289581395348837,0.006257274826789833,0.06079999999999997,-0.006638539126698538,0.3392860525028915,0.06499216295426839,1.5909181935462362,-0.2742938895486231,0.2776709492847854
P2-10,vfdb,425,vfdb_425_clean.npz,VT,short_15_60min,0.25822555541992187,0.0,0.08607518513997396,0.17215037027994792,0.25822555541992187,0.5832855105400085,50,3,19,phase,False,,2058,193,242,0.26946113989637305,0.2541520661157025,0.35536000000000006,-0.015309073780670535,-0.00574093264248705,-0.026166942148760326,0.07784000000000003,-0.020426009506273275,-0.19693813441609673,-0.6648403766759502,2.011218230388049,-0.46790224225985344,0.2737746142359383
P2-10,vfdb,426,vfdb_426_clean.npz,VF,too_short,0.179368896484375,0.0,0.0538106689453125,0.1255582275390625,0.179368896484375,0.5832611322402954,50,3,19,phase,False,,3701,168,232,0.3245380952380953,0.27573275862068963,0.37412,-0.04880533661740566,0.04648095238095239,-0.0011310344827586147,0.09744000000000007,-0.047611986863711,1.2358612322560893,-0.08644272174704881,2.8432074526033135,-1.322303954003138,0.27548346111719607
P2-10,vfdb,427,vfdb_427_clean.npz,VT,too_short,0.18013776991102431,0.0,0.054041330973307294,0.12609643893771702,0.18013776991102431,0.5832777619361877,50,3,19,phase,False,,4241,188,243,0.28579787234042553,0.23522304526748974,0.34092000000000006,-0.050574827072935785,0.008463829787234043,-0.04075555555555555,0.06891999999999998,-0.04921938534278959,0.10449393158320482,-1.0738187099710366,1.3953622462808801,-1.1783126415542413,0.2723327290076336
P2-10,vfdb,428,vfdb_428_clean.npz,VT,short_15_60min,0.4687388780381944,0.0,0.15624629267939813,0.31249258535879626,0.4687388780381944,0.5833077430725098,50,3,19,phase,False,,3272,765,840,0.26120627450980394,0.26655,0.31984000000000007,0.005343725490196072,-0.003955555555555554,-0.009419047619047619,0.048240000000000026,-0.005463492063492064,-0.12035239325358753,-0.2714781104482894,1.2578688405898244,-0.15112571719470186,0.26966912814148314
P2-10,vfdb,429,vfdb_429_clean.npz,VT,too_short,0.11181555853949653,0.0,0.033544667561848956,0.07827089097764757,0.11181555853949653,0.5833211541175842,50,3,19,phase,False,,3609,147,198,0.26176054421768713,0.27193131313131313,0.30016,0.010170768913626005,-0.016111564625850335,0.007511111111111112,0.021920000000000023,0.023622675736961446,-0.36614110295117097,0.07405338299092516,0.5034486690484731,0.44019448594209615,0.273151797752809
P2-10,vfdb,430,vfdb_430_clean.npz,VT,too_short,0.05766999986436632,0.0,0.017300999959309896,0.04036899990505642,0.05766999986436632,0.583258867263794,50,3,19,phase,False,,4845,64,113,0.38725000000000004,0.2996318584070797,0.47880000000000006,-0.08761814159292036,0.12089375,0.04324601769911504,0.21036000000000002,-0.07764773230088495,2.043101318741425,1.2735793519301302,3.255380767663353,-0.7695219668112947,0.2761919099249374
P2-10,vfdb,602,vfdb_602_clean.npz,VT,too_short,0.134750001695421,0.0,0.0404250005086263,0.0943250011867947,0.134750001695421,0.5832266807556152,50,3,19,phase,False,,2963,130,179,0.29058769230769227,0.2668156424581006,0.3196800000000001,-0.023772049849591692,0.016621538461538462,-0.0019754189944133976,0.050039999999999994,-0.01859695745595186,0.4059108351010469,-0.13426239256731273,1.125101937194296,-0.5401732276683596,0.27387275223061086
P2-10,vfdb,605,vfdb_605_clean.npz,VT,short_15_60min,0.45771331787109376,0.0,0.15257110595703124,0.3051422119140625,0.45771331787109376,0.5831544399261475,50,3,19,phase,False,,1881,381,424,0.2747412073490814,0.2792679245283019,0.32480000000000003,0.004526717179220485,-0.010462992125984255,-0.002941509433962262,0.04759999999999992,0.007521482692021993,-0.22646324287192898,-0.09073581720954088,1.2303639589147684,0.1357274256623881,0.2808873362445415
P2-10,vfdb,607,vfdb_607_clean.npz,VT,too_short,0.037178887261284724,0.0,0.011153666178385417,0.026025221082899307,0.037178887261284724,0.5831300020217896,50,3,19,phase,False,,1856,50,32,0.25632,0.2764,0.29356,0.020079999999999987,-0.021312000000000015,-0.0021125000000000137,0.010879999999999935,0.0191995,-0.6455595715214217,-0.17839044893828215,0.08982319969813249,0.4671691225831396,0.27865943552850025
P2-10,vfdb,609,vfdb_609_clean.npz,VFL,short_15_60min,0.28363888210720484,0.0,0.09454629403573495,0.1890925880714699,0.28363888210720484,0.5829211473464966,50,3,19,phase,False,,2196,315,357,0.28841396825396826,0.2822173669467787,0.3468800000000001,-0.006196601307189575,0.01535238095238095,-0.005452100840336139,0.08040000000000003,-0.02080448179271709,0.3411229501690239,-0.18206567430413614,1.8693000346887154,-0.5231886244731601,0.2835897531439217
P2-10,vfdb,610,vfdb_610_clean.npz,VT,short_15_60min,0.5109611002604166,0.0,0.1703203667534722,0.3406407335069444,0.5109611002604166,0.5830910801887512,50,3,19,phase,False,,2115,572,619,0.2716916083916084,0.28660872374798063,0.33391999999999994,0.014917115356372246,-0.00975874125874126,0.0038830371567043684,0.05239999999999994,0.01364177841544563,-0.28727841968686546,0.026679016292344187,1.3104900689613288,0.31395743597920966,0.2808137463697967
P2-10,vfdb,611,vfdb_611_clean.npz,VT,short_15_60min,0.3322855631510417,0.0,0.11076185438368057,0.22152370876736113,0.3322855631510417,0.583246648311615,50,3,19,phase,False,,4121,572,627,0.28945244755244753,0.2922743221690591,0.3471600000000001,0.0028218746166115416,0.01661608391608392,0.02942902711323764,0.08227999999999995,0.01281294319715372,0.4133867320934216,0.6292727159344981,2.1154988798198198,0.2158859838410765,0.2684222003929273
P2-10,vfdb,612,vfdb_612_clean.npz,VT,short_15_60min,0.4742733425564236,0.0,0.15809111418547453,0.31618222837094906,0.4742733425564236,0.5832744836807251,50,3,19,phase,False,,2456,424,510,0.2786047169811321,0.28892078431372553,0.34600000000000003,0.010316067332593437,0.0017132075471698101,0.01158274509803921,0.06960000000000004,0.0098695375508694,-0.015404359483547176,0.2625317566927077,1.5831561076916378,0.27793611617625485,0.27498595762359784
P2-10,vfdb,614,vfdb_614_clean.npz,VT,short_15_60min,0.3954910956488715,0.0,0.13183036521629052,0.26366073043258104,0.3954910956488715,0.5832656025886536,50,3,19,phase,False,,3474,384,682,0.2749770833333333,0.275749560117302,0.3307199999999999,0.0007724767839686897,-0.006369791666666666,0.002948973607038126,0.04735999999999998,0.009318765273704791,-0.20371216155514402,0.07972376976235324,1.2772010701049616,0.2834359313174972,0.2758821605839416
P2-10,vfdb,615,vfdb_615_clean.npz,VT,too_short,0.09078999837239583,0.0,0.02723699951171875,0.06355299886067708,0.09078999837239583,0.5829344391822815,50,3,19,phase,False,,1586,62,71,0.2552516129032258,0.27415774647887325,0.29475999999999997,0.018906133575647466,-0.03624516129032259,-0.008698591549295774,0.008320000000000004,0.027546569741026816,-0.8460395332660827,-0.4144836373222243,0.31845298830638885,0.4315558959438584,0.2817715029277814
