group,S_n,S_mean,S_median,S_std,S_min,S_max,S_p10,S_p25,S_p75,S_p90,S_p95,S_p99,S_iqr,S_cv,S_frac_ge_0p15,S_frac_ge_0p25,S_frac_ge_0p40,S_frac_ge_0p50,unit,n_records
nsrdb_record_mean_S_all,18,0.37263458096278446,0.3729302223662021,0.019716765444102412,0.3387763291897559,0.4066808742585369,0.348624035245137,0.36007603376361186,0.3830434484323437,0.4007577838223636,0.4058141006501457,0.40650751953685865,0.022967414668731867,0.0529117973784391,1.0,1.0,0.1111111111111111,0.0,per_record_mean,18
nsrdb_record_mean_S_basal,18,0.37342105046491875,0.3710227680133524,0.02349104556595891,0.33716021930383777,0.4210828109696377,0.3407795290614036,0.3591351068584636,0.38723656752686525,0.4062281398458152,0.40869285935588334,0.4186048206468868,0.028101460668401634,0.0629076629095011,1.0,1.0,0.2222222222222222,0.0,per_record_mean,18
nsrdb_record_mean_S_search,18,0.3724736162231468,0.37261588800199674,0.02014329330856963,0.3387075899878668,0.4063802892390149,0.3480223821378059,0.3609230283638256,0.3842410779270503,0.402925762216719,0.40541034269318,0.40618629992984795,0.023318049563224696,0.054079785604202096,1.0,1.0,0.16666666666666666,0.0,per_record_mean,18
nsrdb_record_p90_S_all,18,0.44065777777777776,0.4396,0.02280062074095443,0.4044,0.4835999999999999,0.41019999999999995,0.42950000000000005,0.44615000000000005,0.47544000000000003,0.47952,0.48278399999999994,0.016649999999999998,0.05174224055669047,1.0,1.0,1.0,0.0,per_record_p90,18
nsrdb_record_frac_S_ge_0p40,18,0.301247715814696,0.2952691567284949,0.12752423425716194,0.11479706454994758,0.5270956075366039,0.14090995079452925,0.21972402636497051,0.36532262352071904,0.49383121247304557,0.5255418344951747,0.526784852928318,0.14559859715574852,0.4233201699547653,0.8333333333333334,0.6111111111111112,0.2222222222222222,0.1111111111111111,per_record_frac,18
nsrdb_episode_rate_per_24h,18,858.8099556936181,866.402820325761,229.85760317361377,444.0063594660861,1317.616584583747,549.3653736823924,708.6047657491081,1024.8151012712206,1136.1726623731413,1217.6444798789528,1297.622163642788,316.2103355221125,0.2676466448132512,1.0,1.0,1.0,1.0,episodes_per_24h,18
event_basal_mean_S,32,0.4482157274297258,0.4379807410441628,0.04848786213633677,0.38588181818181816,0.65066875,0.4048780768426327,0.422882776238101,0.46512626595626594,0.48830262621885157,0.5164409237379162,0.6194041509502926,0.04224348971816494,0.10817974285371101,1.0,1.0,0.90625,0.0625,per_record_mean,32
event_basal_p90_S,32,0.50532625,0.49360000000000004,0.054216677424363646,0.4372,0.6792000000000001,0.455888,0.47805000000000003,0.51867,0.527408,0.6409460000000001,0.6752320000000002,0.040619999999999934,0.10729044340040449,1.0,1.0,1.0,0.40625,per_record_p90,32
event_approach_mean_S,32,0.44327804329533604,0.43787087053488183,0.04248532427595688,0.36887474747474747,0.5656568601665727,0.39874265666114844,0.4145383652430044,0.4559050619834711,0.4843392015212064,0.5384348672566373,0.5574914459043158,0.04136669674046667,0.09584351158049766,1.0,1.0,0.875,0.09375,per_record_mean,32
sddb_basal_mean_S,11,0.4231938304779836,0.42560946587537096,0.0175378184005411,0.3964324695021431,0.44390270450751257,0.39759962831374696,0.4080188657237851,0.439678381522971,0.44311710635051804,0.4435099054290153,0.44382414469181314,0.03165951579918591,0.04144157390180454,1.0,1.0,0.8181818181818182,0.0,per_record_mean,11
sddb_approach_mean_S,11,0.43647199913138784,0.43046066369890723,0.04445750564178559,0.3941412754815784,0.5656568601665727,0.39855276832887027,0.4084895610050938,0.4412901801647092,0.4461320092214932,0.505894434694033,0.5537043750720648,0.03280061915961541,0.10185648960359285,1.0,1.0,0.8181818181818182,0.09090909090909091,per_record_mean,11
vfdb_basal_mean_S,21,0.461322435356829,0.4493632558139535,0.0540530835756715,0.38588181818181816,0.65066875,0.4226176165803109,0.43093333333333333,0.4688709677419355,0.48913469387755104,0.5498152046783625,0.6304980409356726,0.03793763440860215,0.11716985655350123,1.0,1.0,0.9523809523809523,0.09523809523809523,per_record_mean,21
vfdb_approach_mean_S,21,0.44684311404788035,0.44475073313783,0.04096599757767645,0.36887474747474747,0.5393168141592921,0.40045165165165175,0.422988679245283,0.4701409961685824,0.4853658692185007,0.5377132743362832,0.5389961061946903,0.04715231692329941,0.09167870397861126,1.0,1.0,0.9047619047619048,0.09523809523809523,per_record_mean,21
nsrdb_mean_diversity,,0.56794215421903,0.5719745343376187,,,,,,,,,,,,,,,,diversity,18
event_basal_mean_diversity,,0.5424410664892071,0.5678812328045846,,,,,,,,,,,,,,,,diversity,32
nsrdb_mean_MI_bits,,0.7356935689561127,0.732234955041571,,,,,,,,,,,,,,,,MI_bits,18
event_basal_mean_MI_bits,,0.9387645571520367,0.9042552299632896,,,,,,,,,,,,,,,,MI_bits,32
nsrdb_mean_rr_cv,,0.06080335668742454,0.059654781480559395,,,,,,,,,,,,,,,,rr_cv,18
event_basal_mean_rr_cv,,0.13236085470308487,0.13333207624458532,,,,,,,,,,,,,,,,rr_cv,32
