cohort,record_id,source_path,total_hours_used,interp_frac,n_invalid,L,m,K,feature,mean_high_S,mean_low_S,delta_high_minus_low,cohens_d,pearson_r_with_S,n_high,n_low,thr_high_S,thr_low_S
nsrdb,16265,nsrdb_16265_clean.npz,11.99993923611111,0.0003192274598404765,32.0,50,3,36,MI_bits,0.8998693602796416,0.4835573779784489,0.4163119823011927,6.631383375782449,0.9489449518557299,247,248,0.4136,0.2884
nsrdb,16265,nsrdb_16265_clean.npz,11.99993923611111,0.0003192274598404765,32.0,50,3,36,NMI,0.37162181121401955,0.2152732928687112,0.15634851834530836,5.561837417939897,0.9020259870202154,247,248,0.4136,0.2884
nsrdb,16265,nsrdb_16265_clean.npz,11.99993923611111,0.0003192274598404765,32.0,50,3,36,H_pi1,2.455778606163666,2.26296709538442,0.19281151077924585,1.8562302887038216,0.4874599758555898,247,248,0.4136,0.2884
nsrdb,16265,nsrdb_16265_clean.npz,11.99993923611111,0.0003192274598404765,32.0,50,3,36,n_unique_joint,19.493927125506072,21.955645161290324,-2.4617180357842514,-1.4776737711884982,-0.4051206550049378,247,248,0.4136,0.2884
nsrdb,16265,nsrdb_16265_clean.npz,11.99993923611111,0.0003192274598404765,32.0,50,3,36,diversity,0.541497975708502,0.6098790322580645,-0.0683810565495625,-1.4776737711884977,-0.4051206550049381,247,248,0.4136,0.2884
nsrdb,16265,nsrdb_16265_clean.npz,11.99993923611111,0.0003192274598404765,32.0,50,3,36,joint_support_frac,0.541497975708502,0.6098790322580645,-0.0683810565495625,-1.4776737711884977,-0.4051206550049381,247,248,0.4136,0.2884
nsrdb,16265,nsrdb_16265_clean.npz,11.99993923611111,0.0003192274598404765,32.0,50,3,36,H_joint,4.028818399927027,4.226265457681718,-0.19744705775469118,-1.3935701874817583,-0.37461571670963395,247,248,0.4136,0.2884
nsrdb,16265,nsrdb_16265_clean.npz,11.99993923611111,0.0003192274598404765,32.0,50,3,36,rr_ar1,0.6976458229341461,0.8096980655624997,-0.11205224262835356,-0.8184220694635698,-0.23698790939960118,247,248,0.4136,0.2884
nsrdb,16265,nsrdb_16265_clean.npz,11.99993923611111,0.0003192274598404765,32.0,50,3,36,top3_joint_frac,0.32275303643724695,0.2873387096774193,0.03541432675982764,0.8115634978774222,0.2161635347594219,247,248,0.4136,0.2884
nsrdb,16265,nsrdb_16265_clean.npz,11.99993923611111,0.0003192274598404765,32.0,50,3,36,rr_cv,0.06343643916594889,0.08429234562286352,-0.020855906456914625,-0.7675843024557027,-0.2045815484226019,247,248,0.4136,0.2884
nsrdb,16265,nsrdb_16265_clean.npz,11.99993923611111,0.0003192274598404765,32.0,50,3,36,rr_std,45.484157598396074,59.294050694954294,-13.80989309655822,-0.6651376505890155,-0.17519557280151096,247,248,0.4136,0.2884
nsrdb,16265,nsrdb_16265_clean.npz,11.99993923611111,0.0003192274598404765,32.0,50,3,36,rr_range,201.70167004048582,246.2827620967742,-44.581092056288384,-0.505023512292948,-0.15160306689543254,247,248,0.4136,0.2884
nsrdb,16265,nsrdb_16265_clean.npz,11.99993923611111,0.0003192274598404765,32.0,50,3,36,max_joint_frac,0.12801619433198383,0.11741935483870972,0.010596839493274113,0.3990361653753475,0.09725359021440727,247,248,0.4136,0.2884
nsrdb,16265,nsrdb_16265_clean.npz,11.99993923611111,0.0003192274598404765,32.0,50,3,36,H_pi2,2.4729091540430037,2.4468557402757476,0.026053413767256117,0.2765564597347747,0.0644325762077364,247,248,0.4136,0.2884
nsrdb,16265,nsrdb_16265_clean.npz,11.99993923611111,0.0003192274598404765,32.0,50,3,36,rmssd,32.90055069615882,35.22848378255422,-2.3279330863954044,-0.15859886108071072,-0.05807811323244041,247,248,0.4136,0.2884
nsrdb,16265,nsrdb_16265_clean.npz,11.99993923611111,0.0003192274598404765,32.0,50,3,36,rr_mean,712.4332616396761,701.8406628024194,10.592598837256674,0.09414330901338754,0.02541161195298577,247,248,0.4136,0.2884
nsrdb,16265,nsrdb_16265_clean.npz,11.99993923611111,0.0003192274598404765,32.0,50,3,36,n_unique_pi1,5.991902834008097,5.991935483870968,-3.264986287110361e-05,-0.0003639457784431642,0.0036132029719703395,247,248,0.4136,0.2884
nsrdb,16265,nsrdb_16265_clean.npz,11.99993923611111,0.0003192274598404765,32.0,50,3,36,n_unique_pi2,5.991902834008097,5.991935483870968,-3.264986287110361e-05,-0.0003639457784431642,0.030027582502422077,247,248,0.4136,0.2884
nsrdb,16272,nsrdb_16272_clean.npz,11.999739583333334,0.005708946380764246,501.0,50,3,36,MI_bits,0.9973435257031709,0.5241559371093742,0.4731875885937966,6.435041954387852,0.960877036286394,180,179,0.4432,0.30704
nsrdb,16272,nsrdb_16272_clean.npz,11.999739583333334,0.005708946380764246,501.0,50,3,36,NMI,0.41044936082127437,0.22892994279247658,0.18151941802879779,5.564451821358663,0.9233796804785575,180,179,0.4432,0.30704
nsrdb,16272,nsrdb_16272_clean.npz,11.999739583333334,0.005708946380764246,501.0,50,3,36,diversity,0.5222222222222223,0.6080074487895717,-0.08578522656734944,-1.768568378603768,-0.44830013493149695,180,179,0.4432,0.30704
nsrdb,16272,nsrdb_16272_clean.npz,11.999739583333334,0.005708946380764246,501.0,50,3,36,joint_support_frac,0.5222222222222223,0.6080074487895717,-0.08578522656734944,-1.768568378603768,-0.44830013493149695,180,179,0.4432,0.30704
nsrdb,16272,nsrdb_16272_clean.npz,11.999739583333334,0.005708946380764246,501.0,50,3,36,n_unique_joint,18.8,21.88826815642458,-3.0882681564245793,-1.7685683786037676,-0.4483001349314969,180,179,0.4432,0.30704
nsrdb,16272,nsrdb_16272_clean.npz,11.999739583333334,0.005708946380764246,501.0,50,3,36,H_joint,3.956461474897469,4.210931226487944,-0.25446975159047547,-1.6397592910906886,-0.4623476567511397,180,179,0.4432,0.30704
nsrdb,16272,nsrdb_16272_clean.npz,11.999739583333334,0.005708946380764246,501.0,50,3,36,H_pi1,2.4565561812649004,2.327693321264718,0.12886286000018243,1.2032815316784073,0.35469285453564026,180,179,0.4432,0.30704
nsrdb,16272,nsrdb_16272_clean.npz,11.999739583333334,0.005708946380764246,501.0,50,3,36,top3_joint_frac,0.3401111111111111,0.291731843575419,0.048379267535692105,1.0291191385647234,0.35001563162989474,180,179,0.4432,0.30704
nsrdb,16272,nsrdb_16272_clean.npz,11.999739583333334,0.005708946380764246,501.0,50,3,36,rr_mean,963.8142361111111,866.2281773743017,97.58605873680938,0.9296293527855105,0.23947036698782512,180,179,0.4432,0.30704
nsrdb,16272,nsrdb_16272_clean.npz,11.999739583333334,0.005708946380764246,501.0,50,3,36,rr_ar1,0.5191596474270724,0.7502652716344498,-0.23110562420737735,-0.9232172057076742,-0.2511695254425527,180,179,0.4432,0.30704
nsrdb,16272,nsrdb_16272_clean.npz,11.999739583333334,0.005708946380764246,501.0,50,3,36,H_pi2,2.4972488193357396,2.407393842332601,0.08985497700313871,0.8904503268719928,0.27775657247900687,180,179,0.4432,0.30704
nsrdb,16272,nsrdb_16272_clean.npz,11.999739583333334,0.005708946380764246,501.0,50,3,36,rr_std,41.12237481947329,68.16119589985766,-27.038821080384366,-0.7207860705658127,-0.1729204540584325,180,179,0.4432,0.30704
nsrdb,16272,nsrdb_16272_clean.npz,11.999739583333334,0.005708946380764246,501.0,50,3,36,rr_cv,0.0453812762076763,0.08135357472503921,-0.03597229851736291,-0.7052666606094528,-0.1721390670224811,180,179,0.4432,0.30704
nsrdb,16272,nsrdb_16272_clean.npz,11.999739583333334,0.005708946380764246,501.0,50,3,36,rr_range,192.66493055555554,317.7374301675978,-125.07249961204224,-0.5344684763693252,-0.1366281658760335,180,179,0.4432,0.30704
nsrdb,16272,nsrdb_16272_clean.npz,11.999739583333334,0.005708946380764246,501.0,50,3,36,max_joint_frac,0.1327777777777778,0.11966480446927376,0.013112973308504042,0.46345867075320557,0.19745909742371962,180,179,0.4432,0.30704
nsrdb,16272,nsrdb_16272_clean.npz,11.999739583333334,0.005708946380764246,501.0,50,3,36,n_unique_pi2,6.0,5.972067039106145,0.027932960893854997,0.23939659586094042,0.07820179485722233,180,179,0.4432,0.30704
nsrdb,16272,nsrdb_16272_clean.npz,11.999739583333334,0.005708946380764246,501.0,50,3,36,rmssd,39.50313882045592,47.70422645224662,-8.201087631790699,-0.16937989566338554,-0.04534675812358309,180,179,0.4432,0.30704
nsrdb,16272,nsrdb_16272_clean.npz,11.999739583333334,0.005708946380764246,501.0,50,3,36,n_unique_pi1,6.0,5.994413407821229,0.005586592178770999,0.10585164007638728,0.0037320553212531363,180,179,0.4432,0.30704
nsrdb,16273,nsrdb_16273_clean.npz,11.999830729166666,0.0,0.0,50,3,36,MI_bits,1.1542850989485922,0.5868592831597611,0.5674258157888311,6.3245302708885704,0.9723148853844631,226,226,0.4836,0.33520000000000005
nsrdb,16273,nsrdb_16273_clean.npz,11.999830729166666,0.0,0.0,50,3,36,NMI,0.47543479683008494,0.2512997349991812,0.22413506183090376,5.650990171352694,0.9463239848318311,226,226,0.4836,0.33520000000000005
nsrdb,16273,nsrdb_16273_clean.npz,11.999830729166666,0.0,0.0,50,3,36,H_joint,3.802185741788071,4.216934632663065,-0.4147488908749941,-2.480501782730745,-0.6559884834382005,226,226,0.4836,0.33520000000000005
nsrdb,16273,nsrdb_16273_clean.npz,11.999830729166666,0.0,0.0,50,3,36,diversity,0.4938544739429695,0.60484267453294,-0.11098820058997055,-2.2441943116552534,-0.5864434096830067,226,226,0.4836,0.33520000000000005
nsrdb,16273,nsrdb_16273_clean.npz,11.999830729166666,0.0,0.0,50,3,36,joint_support_frac,0.4938544739429695,0.60484267453294,-0.11098820058997055,-2.2441943116552534,-0.5864434096830067,226,226,0.4836,0.33520000000000005
nsrdb,16273,nsrdb_16273_clean.npz,11.999830729166666,0.0,0.0,50,3,36,n_unique_joint,17.778761061946902,21.77433628318584,-3.995575221238937,-2.2441943116552516,-0.5864434096830068,226,226,0.4836,0.33520000000000005
nsrdb,16273,nsrdb_16273_clean.npz,11.999830729166666,0.0,0.0,50,3,36,top3_joint_frac,0.3911504424778761,0.28433628318584075,0.10681415929203536,2.050035812434283,0.5981963920019745,226,226,0.4836,0.33520000000000005
nsrdb,16273,nsrdb_16273_clean.npz,11.999830729166666,0.0,0.0,50,3,36,rr_ar1,0.3939309918449312,0.7773081666298103,-0.3833771747848791,-1.8399424409709066,-0.5041575256231989,226,226,0.4836,0.33520000000000005
nsrdb,16273,nsrdb_16273_clean.npz,11.999830729166666,0.0,0.0,50,3,36,rr_mean,855.1956581858407,702.2884402654868,152.9072179203539,1.7732759963235136,0.43731862661896903,226,226,0.4836,0.33520000000000005
nsrdb,16273,nsrdb_16273_clean.npz,11.999830729166666,0.0,0.0,50,3,36,max_joint_frac,0.15601769911504423,0.11477876106194693,0.04123893805309731,1.3890162808903601,0.463630188282747,226,226,0.4836,0.33520000000000005
nsrdb,16273,nsrdb_16273_clean.npz,11.999830729166666,0.0,0.0,50,3,36,rmssd,38.67703858731903,26.528175094685253,12.14886349263378,0.9921064805724562,0.27955779758762517,226,226,0.4836,0.33520000000000005
nsrdb,16273,nsrdb_16273_clean.npz,11.999830729166666,0.0,0.0,50,3,36,rr_cv,0.043707580394742485,0.06147778233899364,-0.017770201944251156,-0.9364978812489301,-0.24123699701055926,226,226,0.4836,0.33520000000000005
nsrdb,16273,nsrdb_16273_clean.npz,11.999830729166666,0.0,0.0,50,3,36,H_pi2,2.5147683916401373,2.4326623974885737,0.08210599415156361,0.8619668855481982,0.2770644134419837,226,226,0.4836,0.33520000000000005
nsrdb,16273,nsrdb_16273_clean.npz,11.999830729166666,0.0,0.0,50,3,36,H_pi1,2.4417024490965256,2.3711315183342525,0.07057093076227305,0.7072988117017056,0.1777578532519309,226,226,0.4836,0.33520000000000005
nsrdb,16273,nsrdb_16273_clean.npz,11.999830729166666,0.0,0.0,50,3,36,rr_std,37.29717765184221,43.50531811399214,-6.208140462149927,-0.41360772557747066,-0.11062402101401411,226,226,0.4836,0.33520000000000005
nsrdb,16273,nsrdb_16273_clean.npz,11.999830729166666,0.0,0.0,50,3,36,rr_range,163.3019911504425,177.37140486725664,-14.069413716814154,-0.23411602617896146,-0.06534909551035187,226,226,0.4836,0.33520000000000005
nsrdb,16273,nsrdb_16273_clean.npz,11.999830729166666,0.0,0.0,50,3,36,n_unique_pi2,6.0,5.9734513274336285,0.0265486725663715,0.23303240756742097,0.08151022269168924,226,226,0.4836,0.33520000000000005
nsrdb,16273,nsrdb_16273_clean.npz,11.999830729166666,0.0,0.0,50,3,36,n_unique_pi1,5.995575221238938,6.0,-0.004424778761062065,-0.09407208683836223,-0.015096209257267169,226,226,0.4836,0.33520000000000005
nsrdb,16420,nsrdb_16420_clean.npz,11.999867621527779,2.9392746000667103e-05,3.0,50,3,36,MI_bits,1.1828253513767502,0.5641576103011616,0.6186677410755885,5.04288823614482,0.9685531115952754,244,245,0.48040000000000005,0.32239999999999996
nsrdb,16420,nsrdb_16420_clean.npz,11.999867621527779,2.9392746000667103e-05,3.0,50,3,36,NMI,0.49248575976533787,0.245980443618618,0.24650531614671986,4.343773613314436,0.9349517406381378,244,245,0.48040000000000005,0.32239999999999996
nsrdb,16420,nsrdb_16420_clean.npz,11.999867621527779,2.9392746000667103e-05,3.0,50,3,36,rr_ar1,0.2343904288488745,0.7536063866244113,-0.5192159577755368,-2.172254018887088,-0.5117557302428951,244,245,0.48040000000000005,0.32239999999999996
nsrdb,16420,nsrdb_16420_clean.npz,11.999867621527779,2.9392746000667103e-05,3.0,50,3,36,H_joint,3.7499405231308045,4.187863900676081,-0.4379233775452769,-2.1313872173995665,-0.6064670571591331,244,245,0.48040000000000005,0.32239999999999996
nsrdb,16420,nsrdb_16420_clean.npz,11.999867621527779,2.9392746000667103e-05,3.0,50,3,36,diversity,0.47654826958105645,0.598639455782313,-0.12209118620125659,-2.1294833409601095,-0.5637382278122317,244,245,0.48040000000000005,0.32239999999999996
nsrdb,16420,nsrdb_16420_clean.npz,11.999867621527779,2.9392746000667103e-05,3.0,50,3,36,joint_support_frac,0.47654826958105645,0.598639455782313,-0.12209118620125659,-2.1294833409601095,-0.5637382278122317,244,245,0.48040000000000005,0.32239999999999996
nsrdb,16420,nsrdb_16420_clean.npz,11.999867621527779,2.9392746000667103e-05,3.0,50,3,36,n_unique_joint,17.15573770491803,21.551020408163264,-4.395282703245233,-2.1294833409601073,-0.5637382278122316,244,245,0.48040000000000005,0.32239999999999996
nsrdb,16420,nsrdb_16420_clean.npz,11.999867621527779,2.9392746000667103e-05,3.0,50,3,36,top3_joint_frac,0.3950819672131148,0.29412244897959183,0.10095951823352295,1.6532924419157191,0.5377775790288447,244,245,0.48040000000000005,0.32239999999999996
nsrdb,16420,nsrdb_16420_clean.npz,11.999867621527779,2.9392746000667103e-05,3.0,50,3,36,rr_cv,0.03602238627960198,0.057524710440854346,-0.02150232416125237,-1.1769951750589651,-0.3005393670812581,244,245,0.48040000000000005,0.32239999999999996
nsrdb,16420,nsrdb_16420_clean.npz,11.999867621527779,2.9392746000667103e-05,3.0,50,3,36,max_joint_frac,0.15647540983606562,0.11869387755102043,0.03778153228504519,1.159629895261441,0.41076624157309316,244,245,0.48040000000000005,0.32239999999999996
nsrdb,16420,nsrdb_16420_clean.npz,11.999867621527779,2.9392746000667103e-05,3.0,50,3,36,rr_mean,763.553406762295,695.2079081632653,68.34549859902972,1.1268825646328997,0.24438672170194603,244,245,0.48040000000000005,0.32239999999999996
nsrdb,16420,nsrdb_16420_clean.npz,11.999867621527779,2.9392746000667103e-05,3.0,50,3,36,H_pi2,2.5057056208451627,2.3973831071890697,0.10832251365609302,0.9662074774164697,0.24735479364585056,244,245,0.48040000000000005,0.32239999999999996
nsrdb,16420,nsrdb_16420_clean.npz,11.999867621527779,2.9392746000667103e-05,3.0,50,3,36,rr_std,27.525865858380808,40.214890462311224,-12.689024603930417,-0.9331394310850711,-0.2448338549276327,244,245,0.48040000000000005,0.32239999999999996
nsrdb,16420,nsrdb_16420_clean.npz,11.999867621527779,2.9392746000667103e-05,3.0,50,3,36,rr_range,115.39446721311475,157.84438775510205,-42.4499205419873,-0.7673715310764041,-0.21494673796110292,244,245,0.48040000000000005,0.32239999999999996
nsrdb,16420,nsrdb_16420_clean.npz,11.999867621527779,2.9392746000667103e-05,3.0,50,3,36,rmssd,31.467443569408424,25.363062656298993,6.104380913109431,0.6371119443325914,0.15136516335915748,244,245,0.48040000000000005,0.32239999999999996
nsrdb,16420,nsrdb_16420_clean.npz,11.999867621527779,2.9392746000667103e-05,3.0,50,3,36,H_pi1,2.427060253662393,2.354638403788173,0.07242184987421973,0.6008117287964715,0.1559903188429469,244,245,0.48040000000000005,0.32239999999999996
nsrdb,16420,nsrdb_16420_clean.npz,11.999867621527779,2.9392746000667103e-05,3.0,50,3,36,n_unique_pi2,5.995901639344262,5.975510204081632,0.020391435262629543,0.17194908527189912,0.03966622512934857,244,245,0.48040000000000005,0.32239999999999996
nsrdb,16420,nsrdb_16420_clean.npz,11.999867621527779,2.9392746000667103e-05,3.0,50,3,36,n_unique_pi1,5.995901639344262,5.987755102040817,0.008146537303445278,0.0903515533841817,0.028853175470392928,244,245,0.48040000000000005,0.32239999999999996
nsrdb,16483,nsrdb_16483_clean.npz,11.999934895833333,9.584695362718776e-06,1.0,50,3,36,MI_bits,0.9951416600692466,0.5308098210545367,0.46433183901471,6.049647186719476,0.9521935363285127,256,256,0.44320000000000004,0.3036800000000001
nsrdb,16483,nsrdb_16483_clean.npz,11.999934895833333,9.584695362718776e-06,1.0,50,3,36,NMI,0.41564944134009796,0.24439408305966476,0.1712553582804332,4.885026486889872,0.8688063429050478,256,256,0.44320000000000004,0.3036800000000001
nsrdb,16483,nsrdb_16483_clean.npz,11.999934895833333,9.584695362718776e-06,1.0,50,3,36,H_pi1,2.4730526523045886,2.239052649117089,0.23400000318749958,1.7393220481281315,0.4891404088609928,256,256,0.44320000000000004,0.3036800000000001
nsrdb,16483,nsrdb_16483_clean.npz,11.999934895833333,9.584695362718776e-06,1.0,50,3,36,rr_ar1,0.5174652998925617,0.8439594819121481,-0.32649418201958635,-1.459906843042331,-0.41064657937735277,256,256,0.44320000000000004,0.3036800000000001
nsrdb,16483,nsrdb_16483_clean.npz,11.999934895833333,9.584695362718776e-06,1.0,50,3,36,rmssd,22.850515707472724,16.57388418819625,6.276631519276474,0.9154863256165517,0.26264382291450356,256,256,0.44320000000000004,0.3036800000000001
nsrdb,16483,nsrdb_16483_clean.npz,11.999934895833333,9.584695362718776e-06,1.0,50,3,36,rr_mean,655.9112548828125,703.956298828125,-48.0450439453125,-0.867601958435564,-0.27969152943680664,256,256,0.44320000000000004,0.3036800000000001
nsrdb,16483,nsrdb_16483_clean.npz,11.999934895833333,9.584695362718776e-06,1.0,50,3,36,diversity,0.5055338541666666,0.5556640625,-0.05013020833333337,-0.8592344346355639,-0.211867784340699,256,256,0.44320000000000004,0.3036800000000001
nsrdb,16483,nsrdb_16483_clean.npz,11.999934895833333,9.584695362718776e-06,1.0,50,3,36,joint_support_frac,0.5055338541666666,0.5556640625,-0.05013020833333337,-0.8592344346355639,-0.211867784340699,256,256,0.44320000000000004,0.3036800000000001
nsrdb,16483,nsrdb_16483_clean.npz,11.999934895833333,9.584695362718776e-06,1.0,50,3,36,n_unique_joint,18.19921875,20.00390625,-1.8046875,-0.8592344346355635,-0.21186778434069914,256,256,0.44320000000000004,0.3036800000000001
nsrdb,16483,nsrdb_16483_clean.npz,11.999934895833333,9.584695362718776e-06,1.0,50,3,36,H_pi2,2.4179754801323075,2.3110249655450237,0.10695051458728377,0.8482614212432449,0.24720407377943063,256,256,0.44320000000000004,0.3036800000000001
nsrdb,16483,nsrdb_16483_clean.npz,11.999934895833333,9.584695362718776e-06,1.0,50,3,36,H_joint,3.8958864723676485,4.019267793607575,-0.12338132123992684,-0.6390697048903928,-0.15383323727015036,256,256,0.44320000000000004,0.3036800000000001
nsrdb,16483,nsrdb_16483_clean.npz,11.999934895833333,9.584695362718776e-06,1.0,50,3,36,rr_std,26.4755623883103,33.048387146087464,-6.572824757777163,-0.5040194895619695,-0.13929792934054308,256,256,0.44320000000000004,0.3036800000000001
nsrdb,16483,nsrdb_16483_clean.npz,11.999934895833333,9.584695362718776e-06,1.0,50,3,36,rr_range,115.6005859375,135.589599609375,-19.989013671875,-0.365615163004454,-0.10365882665501977,256,256,0.44320000000000004,0.3036800000000001
nsrdb,16483,nsrdb_16483_clean.npz,11.999934895833333,9.584695362718776e-06,1.0,50,3,36,rr_cv,0.04067173845313039,0.047260355121756456,-0.006588616668626063,-0.335691223212927,-0.08704377501176258,256,256,0.44320000000000004,0.3036800000000001
nsrdb,16483,nsrdb_16483_clean.npz,11.999934895833333,9.584695362718776e-06,1.0,50,3,36,n_unique_pi2,5.9921875,5.94921875,0.04296875,0.25639073984989097,0.08637178144263923,256,256,0.44320000000000004,0.3036800000000001
nsrdb,16483,nsrdb_16483_clean.npz,11.999934895833333,9.584695362718776e-06,1.0,50,3,36,top3_joint_frac,0.35343749999999996,0.340703125,0.012734374999999964,0.24014901655871865,0.046973429109312445,256,256,0.44320000000000004,0.3036800000000001
nsrdb,16483,nsrdb_16483_clean.npz,11.999934895833333,9.584695362718776e-06,1.0,50,3,36,n_unique_pi1,5.99609375,5.97265625,0.0234375,0.18946047152445883,0.0565571746105079,256,256,0.44320000000000004,0.3036800000000001
nsrdb,16483,nsrdb_16483_clean.npz,11.999934895833333,9.584695362718776e-06,1.0,50,3,36,max_joint_frac,0.14125000000000004,0.14757812500000003,-0.00632812499999999,-0.18072426432893537,-0.06861554960883302,256,256,0.44320000000000004,0.3036800000000001
nsrdb,16539,nsrdb_16539_clean.npz,11.999945746527779,0.0,0.0,50,3,36,MI_bits,1.003082176476032,0.5175740871282241,0.485508089347808,6.062487573942437,0.9573956631873761,236,235,0.4388,0.3032
nsrdb,16539,nsrdb_16539_clean.npz,11.999945746527779,0.0,0.0,50,3,36,NMI,0.4202360198373073,0.2283135743971741,0.1919224454401332,5.2964914783493775,0.9242442066910516,236,235,0.4388,0.3032
nsrdb,16539,nsrdb_16539_clean.npz,11.999945746527779,0.0,0.0,50,3,36,n_unique_joint,18.190677966101696,21.78723404255319,-3.5965560764514954,-2.039985524901953,-0.543675618732921,236,235,0.4388,0.3032
nsrdb,16539,nsrdb_16539_clean.npz,11.999945746527779,0.0,0.0,50,3,36,diversity,0.5052966101694916,0.6052009456264774,-0.09990433545698585,-2.0399855249019496,-0.5436756187329213,236,235,0.4388,0.3032
nsrdb,16539,nsrdb_16539_clean.npz,11.999945746527779,0.0,0.0,50,3,36,joint_support_frac,0.5052966101694916,0.6052009456264774,-0.09990433545698585,-2.0399855249019496,-0.5436756187329213,236,235,0.4388,0.3032
nsrdb,16539,nsrdb_16539_clean.npz,11.999945746527779,0.0,0.0,50,3,36,H_joint,3.897179607148355,4.212305172021208,-0.3151255648728526,-2.036882045913555,-0.5513790232289822,236,235,0.4388,0.3032
nsrdb,16539,nsrdb_16539_clean.npz,11.999945746527779,0.0,0.0,50,3,36,rr_ar1,0.47853957513084183,0.773223367860235,-0.2946837927293932,-1.5099704729698704,-0.42708102384765184,236,235,0.4388,0.3032
nsrdb,16539,nsrdb_16539_clean.npz,11.999945746527779,0.0,0.0,50,3,36,rmssd,107.1817152762261,42.04338697706293,65.13832829916316,1.3680632407601652,0.3997617180618374,236,235,0.4388,0.3032
nsrdb,16539,nsrdb_16539_clean.npz,11.999945746527779,0.0,0.0,50,3,36,top3_joint_frac,0.35050847457627116,0.2902127659574468,0.06029570861882433,1.3475145834232363,0.39077255874312145,236,235,0.4388,0.3032
nsrdb,16539,nsrdb_16539_clean.npz,11.999945746527779,0.0,0.0,50,3,36,H_pi1,2.4138350864494282,2.291555916514507,0.12227916993492105,1.1901720700868796,0.2983937538020954,236,235,0.4388,0.3032
nsrdb,16539,nsrdb_16539_clean.npz,11.999945746527779,0.0,0.0,50,3,36,rr_std,99.6465892330198,64.6555004180235,34.9910888149963,0.9206750231973413,0.26280913743582596,236,235,0.4388,0.3032
nsrdb,16539,nsrdb_16539_clean.npz,11.999945746527779,0.0,0.0,50,3,36,rr_mean,808.4633209745763,703.9867021276596,104.47661884691672,0.8255939481503727,0.25951619657016883,236,235,0.4388,0.3032
nsrdb,16539,nsrdb_16539_clean.npz,11.999945746527779,0.0,0.0,50,3,36,rr_range,395.3919491525424,282.0811170212766,113.31083213126578,0.78859243237727,0.21166157153257353,236,235,0.4388,0.3032
nsrdb,16539,nsrdb_16539_clean.npz,11.999945746527779,0.0,0.0,50,3,36,rr_cv,0.11674553954546801,0.09043173885743257,0.026313800688035446,0.6876598282377429,0.1843351655814556,236,235,0.4388,0.3032
nsrdb,16539,nsrdb_16539_clean.npz,11.999945746527779,0.0,0.0,50,3,36,max_joint_frac,0.13661016949152546,0.12110638297872342,0.015503786512802042,0.567369302796789,0.19176529965587583,236,235,0.4388,0.3032
nsrdb,16539,nsrdb_16539_clean.npz,11.999945746527779,0.0,0.0,50,3,36,H_pi2,2.486426697174959,2.438323342634925,0.048103354540034005,0.4723989525910692,0.12480584924827534,236,235,0.4388,0.3032
nsrdb,16539,nsrdb_16539_clean.npz,11.999945746527779,0.0,0.0,50,3,36,n_unique_pi1,6.0,5.982978723404256,0.01702127659574426,0.18589876129755348,0.014464199666995763,236,235,0.4388,0.3032
nsrdb,16539,nsrdb_16539_clean.npz,11.999945746527779,0.0,0.0,50,3,36,n_unique_pi2,5.995762711864407,5.982978723404256,0.01278398846015083,0.12471872091007846,0.005577742407636359,236,235,0.4388,0.3032
nsrdb,16773,nsrdb_16773_clean.npz,11.999856770833333,0.0,0.0,50,3,36,MI_bits,0.8827142415009059,0.44990113793652614,0.4328131035643798,6.393894382756282,0.9535382354101825,215,215,0.40559999999999996,0.2752000000000001
nsrdb,16773,nsrdb_16773_clean.npz,11.999856770833333,0.0,0.0,50,3,36,NMI,0.3669218018532186,0.21045014258668115,0.15647165926653744,4.984941890937037,0.8992567180396738,215,215,0.40559999999999996,0.2752000000000001
nsrdb,16773,nsrdb_16773_clean.npz,11.999856770833333,0.0,0.0,50,3,36,H_pi1,2.4232616309796033,2.143774990830881,0.2794866401487224,2.381484662331457,0.5630759300064697,215,215,0.40559999999999996,0.2752000000000001
nsrdb,16773,nsrdb_16773_clean.npz,11.999856770833333,0.0,0.0,50,3,36,rr_cv,0.06630378011997241,0.09554643454389432,-0.029242654423921904,-1.1828420785843965,-0.3077768480134263,215,215,0.40559999999999996,0.2752000000000001
nsrdb,16773,nsrdb_16773_clean.npz,11.999856770833333,0.0,0.0,50,3,36,n_unique_joint,19.590697674418603,21.367441860465117,-1.776744186046514,-1.088687462519717,-0.3007326801987231,215,215,0.40559999999999996,0.2752000000000001
nsrdb,16773,nsrdb_16773_clean.npz,11.999856770833333,0.0,0.0,50,3,36,diversity,0.5441860465116279,0.5935400516795866,-0.049354005167958626,-1.088687462519715,-0.30073268019872307,215,215,0.40559999999999996,0.2752000000000001
nsrdb,16773,nsrdb_16773_clean.npz,11.999856770833333,0.0,0.0,50,3,36,joint_support_frac,0.5441860465116279,0.5935400516795866,-0.049354005167958626,-1.088687462519715,-0.30073268019872307,215,215,0.40559999999999996,0.2752000000000001
nsrdb,16773,nsrdb_16773_clean.npz,11.999856770833333,0.0,0.0,50,3,36,rr_std,54.97705001736055,74.54901313555897,-19.57196311819842,-1.0065524897900588,-0.2569746718321864,215,215,0.40559999999999996,0.2752000000000001
nsrdb,16773,nsrdb_16773_clean.npz,11.999856770833333,0.0,0.0,50,3,36,rr_ar1,0.6722568666843531,0.8182084859407055,-0.14595161925635236,-1.0012785865874447,-0.3309137233353411,215,215,0.40559999999999996,0.2752000000000001
nsrdb,16773,nsrdb_16773_clean.npz,11.999856770833333,0.0,0.0,50,3,36,H_joint,4.038537708937421,4.168002880862389,-0.1294651719249682,-0.8637240016968798,-0.2690462420085284,215,215,0.40559999999999996,0.2752000000000001
nsrdb,16773,nsrdb_16773_clean.npz,11.999856770833333,0.0,0.0,50,3,36,rr_range,243.16860465116278,307.8488372093023,-64.68023255813952,-0.72950375496664,-0.1960687804037909,215,215,0.40559999999999996,0.2752000000000001
nsrdb,16773,nsrdb_16773_clean.npz,11.999856770833333,0.0,0.0,50,3,36,rr_mean,840.1126453488372,780.6765988372093,59.436046511627865,0.6948883894379285,0.20822747487361024,215,215,0.40559999999999996,0.2752000000000001
nsrdb,16773,nsrdb_16773_clean.npz,11.999856770833333,0.0,0.0,50,3,36,H_pi2,2.497990319458723,2.474129027968034,0.02386129149068905,0.3104730033173801,0.08500837468355273,215,215,0.40559999999999996,0.2752000000000001
nsrdb,16773,nsrdb_16773_clean.npz,11.999856770833333,0.0,0.0,50,3,36,top3_joint_frac,0.31776744186046507,0.3026976744186046,0.015069767441860449,0.3034780985932373,0.12352286327657663,215,215,0.40559999999999996,0.2752000000000001
nsrdb,16773,nsrdb_16773_clean.npz,11.999856770833333,0.0,0.0,50,3,36,n_unique_pi1,6.0,5.967441860465116,0.032558139534883956,0.2588332151670338,0.06634516117947699,215,215,0.40559999999999996,0.2752000000000001
nsrdb,16773,nsrdb_16773_clean.npz,11.999856770833333,0.0,0.0,50,3,36,rmssd,40.717236747351215,43.70160919307637,-2.984372445725157,-0.21374341882473138,-0.036737471216099146,215,215,0.40559999999999996,0.2752000000000001
nsrdb,16773,nsrdb_16773_clean.npz,11.999856770833333,0.0,0.0,50,3,36,max_joint_frac,0.12465116279069768,0.1250232558139535,-0.00037209302325580396,-0.011941956941142574,0.023630514791153363,215,215,0.40559999999999996,0.2752000000000001
nsrdb,16773,nsrdb_16773_clean.npz,11.999856770833333,0.0,0.0,50,3,36,n_unique_pi2,5.995348837209303,5.995348837209303,0.0,0.0,-0.010255698626633045,215,215,0.40559999999999996,0.2752000000000001
nsrdb,16786,nsrdb_16786_clean.npz,11.999967447916667,3.9364655094686896e-05,4.0,50,3,36,MI_bits,0.9990381564594484,0.4944087115941266,0.5046294448653218,6.234335661495974,0.962081478243533,225,225,0.438,0.29400000000000004
nsrdb,16786,nsrdb_16786_clean.npz,11.999967447916667,3.9364655094686896e-05,4.0,50,3,36,NMI,0.4104594550253518,0.22306473127853704,0.18739472374681476,5.169901684987476,0.9185281285934621,225,225,0.438,0.29400000000000004
nsrdb,16786,nsrdb_16786_clean.npz,11.999967447916667,3.9364655094686896e-05,4.0,50,3,36,H_pi1,2.4573106018122295,2.2280960740537425,0.22921452775848694,2.2397834635198266,0.498653563958433,225,225,0.438,0.29400000000000004
nsrdb,16786,nsrdb_16786_clean.npz,11.999967447916667,3.9364655094686896e-05,4.0,50,3,36,rr_ar1,0.39788720837882224,0.7835035475350214,-0.38561633915619914,-1.928839497773462,-0.4956625332018306,225,225,0.438,0.29400000000000004
nsrdb,16786,nsrdb_16786_clean.npz,11.999967447916667,3.9364655094686896e-05,4.0,50,3,36,diversity,0.5241975308641975,0.5977777777777777,-0.07358024691358023,-1.6551643372790072,-0.4075478901115956,225,225,0.438,0.29400000000000004
nsrdb,16786,nsrdb_16786_clean.npz,11.999967447916667,3.9364655094686896e-05,4.0,50,3,36,joint_support_frac,0.5241975308641975,0.5977777777777777,-0.07358024691358023,-1.6551643372790072,-0.4075478901115956,225,225,0.438,0.29400000000000004
nsrdb,16786,nsrdb_16786_clean.npz,11.999967447916667,3.9364655094686896e-05,4.0,50,3,36,n_unique_joint,18.871111111111112,21.52,-2.6488888888888873,-1.6551643372790068,-0.4075478901115956,225,225,0.438,0.29400000000000004
nsrdb,16786,nsrdb_16786_clean.npz,11.999967447916667,3.9364655094686896e-05,4.0,50,3,36,H_joint,3.9584516184213703,4.176362573281115,-0.21791095485974488,-1.5269797958697047,-0.3874803059677661,225,225,0.438,0.29400000000000004
nsrdb,16786,nsrdb_16786_clean.npz,11.999967447916667,3.9364655094686896e-05,4.0,50,3,36,rr_mean,835.0479166666667,745.9166666666666,89.13125000000002,1.2585849132713032,0.31399738598339627,225,225,0.438,0.29400000000000004
nsrdb,16786,nsrdb_16786_clean.npz,11.999967447916667,3.9364655094686896e-05,4.0,50,3,36,rr_cv,0.04294963841130954,0.059902786897915075,-0.016953148486605535,-1.2154945221047302,-0.27856598214529715,225,225,0.438,0.29400000000000004
nsrdb,16786,nsrdb_16786_clean.npz,11.999967447916667,3.9364655094686896e-05,4.0,50,3,36,rmssd,36.88447124185451,28.517956421001703,8.36651482085281,0.8894787595175254,0.24646609968470412,225,225,0.438,0.29400000000000004
nsrdb,16786,nsrdb_16786_clean.npz,11.999967447916667,3.9364655094686896e-05,4.0,50,3,36,rr_std,35.754456699514236,44.980887262270635,-9.226430562756399,-0.7992015025388048,-0.18581380483435206,225,225,0.438,0.29400000000000004
nsrdb,16786,nsrdb_16786_clean.npz,11.999967447916667,3.9364655094686896e-05,4.0,50,3,36,top3_joint_frac,0.3393777777777778,0.3035555555555555,0.035822222222222255,0.7564498651897144,0.2186283856402776,225,225,0.438,0.29400000000000004
nsrdb,16786,nsrdb_16786_clean.npz,11.999967447916667,3.9364655094686896e-05,4.0,50,3,36,H_pi2,2.50017917306859,2.442675210821499,0.05750396224709098,0.7104949963589111,0.20472383055676535,225,225,0.438,0.29400000000000004
nsrdb,16786,nsrdb_16786_clean.npz,11.999967447916667,3.9364655094686896e-05,4.0,50,3,36,rr_range,156.00694444444446,177.98611111111111,-21.979166666666657,-0.4631086647262831,-0.11028619953881623,225,225,0.438,0.29400000000000004
nsrdb,16786,nsrdb_16786_clean.npz,11.999967447916667,3.9364655094686896e-05,4.0,50,3,36,max_joint_frac,0.13404444444444447,0.12515555555555558,0.00888888888888889,0.32690057108979487,0.08699354301878788,225,225,0.438,0.29400000000000004
nsrdb,16786,nsrdb_16786_clean.npz,11.999967447916667,3.9364655094686896e-05,4.0,50,3,36,n_unique_pi2,6.0,5.9911111111111115,0.008888888888888502,0.13363195259502192,0.03377670184070683,225,225,0.438,0.29400000000000004
nsrdb,16786,nsrdb_16786_clean.npz,11.999967447916667,3.9364655094686896e-05,4.0,50,3,36,n_unique_pi1,5.995555555555556,5.9911111111111115,0.004444444444444251,0.05451428829695741,0.03062419813148461,225,225,0.438,0.29400000000000004
nsrdb,16795,nsrdb_16795_clean.npz,11.99980685763889,2.302264329046011e-05,2.0,50,3,36,MI_bits,1.05888285049814,0.5767766302430501,0.48210622025508987,6.318867381208254,0.9635200809182847,229,231,0.46359999999999996,0.3296
nsrdb,16795,nsrdb_16795_clean.npz,11.99980685763889,2.302264329046011e-05,2.0,50,3,36,NMI,0.43309032503029987,0.24999537728115362,0.18309494774914625,5.54555661509269,0.9214494006247912,229,231,0.46359999999999996,0.3296
nsrdb,16795,nsrdb_16795_clean.npz,11.99980685763889,2.302264329046011e-05,2.0,50,3,36,H_joint,3.914229891703576,4.20811299400564,-0.29388310230206427,-1.9551395399753344,-0.5077987239305165,229,231,0.46359999999999996,0.3296
nsrdb,16795,nsrdb_16795_clean.npz,11.99980685763889,2.302264329046011e-05,2.0,50,3,36,n_unique_joint,18.480349344978166,21.67965367965368,-3.1993043346755137,-1.8749900075134525,-0.4815202426301167,229,231,0.46359999999999996,0.3296
nsrdb,16795,nsrdb_16795_clean.npz,11.99980685763889,2.302264329046011e-05,2.0,50,3,36,diversity,0.5133430373605047,0.6022126022126021,-0.0888695648520974,-1.8749900075134487,-0.48152024263011695,229,231,0.46359999999999996,0.3296
nsrdb,16795,nsrdb_16795_clean.npz,11.99980685763889,2.302264329046011e-05,2.0,50,3,36,joint_support_frac,0.5133430373605047,0.6022126022126021,-0.0888695648520974,-1.8749900075134487,-0.48152024263011695,229,231,0.46359999999999996,0.3296
nsrdb,16795,nsrdb_16795_clean.npz,11.99980685763889,2.302264329046011e-05,2.0,50,3,36,rr_ar1,0.29637077005836754,0.7367875522261754,-0.4404167821678079,-1.7524743808075287,-0.44788332971967704,229,231,0.46359999999999996,0.3296
nsrdb,16795,nsrdb_16795_clean.npz,11.99980685763889,2.302264329046011e-05,2.0,50,3,36,top3_joint_frac,0.3531877729257642,0.2864069264069264,0.06678084651883781,1.4091014359320277,0.4188522868258402,229,231,0.46359999999999996,0.3296
nsrdb,16795,nsrdb_16795_clean.npz,11.99980685763889,2.302264329046011e-05,2.0,50,3,36,H_pi1,2.4866586783781486,2.3374232516338225,0.1492354267443261,1.378511754391469,0.39027054841569947,229,231,0.46359999999999996,0.3296
nsrdb,16795,nsrdb_16795_clean.npz,11.99980685763889,2.302264329046011e-05,2.0,50,3,36,max_joint_frac,0.14200873362445415,0.11679653679653682,0.025212196827917338,0.8645431526113747,0.29291423414119366,229,231,0.46359999999999996,0.3296
nsrdb,16795,nsrdb_16795_clean.npz,11.99980685763889,2.302264329046011e-05,2.0,50,3,36,rr_std,42.14828780628699,55.65762813256638,-13.509340326279393,-0.5845434663068445,-0.17374159798743663,229,231,0.46359999999999996,0.3296
nsrdb,16795,nsrdb_16795_clean.npz,11.99980685763889,2.302264329046011e-05,2.0,50,3,36,rr_cv,0.05684969284996575,0.06977029430726109,-0.012920601457295337,-0.5726050221407498,-0.17085207272750214,229,231,0.46359999999999996,0.3296
nsrdb,16795,nsrdb_16795_clean.npz,11.99980685763889,2.302264329046011e-05,2.0,50,3,36,rr_range,179.9263100436681,229.7754329004329,-49.84912285676478,-0.5326993015020145,-0.15870203636742336,229,231,0.46359999999999996,0.3296
nsrdb,16795,nsrdb_16795_clean.npz,11.99980685763889,2.302264329046011e-05,2.0,50,3,36,rr_mean,716.6614355895197,774.5758928571429,-57.91445726762322,-0.45212419060198344,-0.13612761887349153,229,231,0.46359999999999996,0.3296
nsrdb,16795,nsrdb_16795_clean.npz,11.99980685763889,2.302264329046011e-05,2.0,50,3,36,H_pi2,2.4864540638235666,2.447466372614868,0.03898769120869838,0.43333715563766023,0.12444904396259242,229,231,0.46359999999999996,0.3296
nsrdb,16795,nsrdb_16795_clean.npz,11.99980685763889,2.302264329046011e-05,2.0,50,3,36,rmssd,44.75393899099944,38.61035188496237,6.143587106037067,0.3320086306327004,0.07418583990548007,229,231,0.46359999999999996,0.3296
nsrdb,16795,nsrdb_16795_clean.npz,11.99980685763889,2.302264329046011e-05,2.0,50,3,36,n_unique_pi1,6.0,5.982683982683983,0.017316017316017174,0.18691485411937186,0.06440163781154465,229,231,0.46359999999999996,0.3296
nsrdb,16795,nsrdb_16795_clean.npz,11.99980685763889,2.302264329046011e-05,2.0,50,3,36,n_unique_pi2,6.0,5.991341991341991,0.008658008658009031,0.1315903389919595,0.04575251931068042,229,231,0.46359999999999996,0.3296
nsrdb,17052,nsrdb_17052_clean.npz,11.999793836805555,0.0003205311659257859,28.0,50,3,36,MI_bits,1.1009973102671382,0.6007220033724708,0.5002753068946674,5.636312882531687,0.9648817139405681,207,206,0.47200000000000003,0.33828
nsrdb,17052,nsrdb_17052_clean.npz,11.999793836805555,0.0003205311659257859,28.0,50,3,36,NMI,0.45875306659171783,0.2590313882245744,0.19972167836714344,4.704411340965816,0.9198742588957983,207,206,0.47200000000000003,0.33828
nsrdb,17052,nsrdb_17052_clean.npz,11.999793836805555,0.0003205311659257859,28.0,50,3,36,n_unique_joint,17.71014492753623,21.57766990291262,-3.8675249753763907,-1.838457896036215,-0.5083299352185473,207,206,0.47200000000000003,0.33828
nsrdb,17052,nsrdb_17052_clean.npz,11.999793836805555,0.0003205311659257859,28.0,50,3,36,diversity,0.4919484702093398,0.5993797195253505,-0.10743124931601072,-1.8384578960362128,-0.5083299352185476,207,206,0.47200000000000003,0.33828
nsrdb,17052,nsrdb_17052_clean.npz,11.999793836805555,0.0003205311659257859,28.0,50,3,36,joint_support_frac,0.4919484702093398,0.5993797195253505,-0.10743124931601072,-1.8384578960362128,-0.5083299352185476,207,206,0.47200000000000003,0.33828
nsrdb,17052,nsrdb_17052_clean.npz,11.999793836805555,0.0003205311659257859,28.0,50,3,36,H_joint,3.82493685286312,4.193952955221025,-0.3690161023579055,-1.782715319191244,-0.5382871939270063,207,206,0.47200000000000003,0.33828
nsrdb,17052,nsrdb_17052_clean.npz,11.999793836805555,0.0003205311659257859,28.0,50,3,36,rr_ar1,0.3900891558963908,0.7632972673615961,-0.37320811146520527,-1.646224995434427,-0.47974121426901584,207,206,0.47200000000000003,0.33828
nsrdb,17052,nsrdb_17052_clean.npz,11.999793836805555,0.0003205311659257859,28.0,50,3,36,top3_joint_frac,0.3715942028985507,0.289126213592233,0.08246798930631771,1.3913945463404362,0.45317161515772353,207,206,0.47200000000000003,0.33828
nsrdb,17052,nsrdb_17052_clean.npz,11.999793836805555,0.0003205311659257859,28.0,50,3,36,rr_mean,908.5620471014493,797.6964502427185,110.86559685873078,0.9380591597923694,0.29972539450536523,207,206,0.47200000000000003,0.33828
nsrdb,17052,nsrdb_17052_clean.npz,11.999793836805555,0.0003205311659257859,28.0,50,3,36,rmssd,60.33637569379443,34.18886262497225,26.147513068822178,0.892607641112642,0.2994768104052525,207,206,0.47200000000000003,0.33828
nsrdb,17052,nsrdb_17052_clean.npz,11.999793836805555,0.0003205311659257859,28.0,50,3,36,max_joint_frac,0.14521739130434783,0.11805825242718448,0.02715913887716334,0.8285677402971671,0.3109652686668385,207,206,0.47200000000000003,0.33828
nsrdb,17052,nsrdb_17052_clean.npz,11.999793836805555,0.0003205311659257859,28.0,50,3,36,H_pi2,2.4933000448480933,2.4079884052026523,0.08531163964544097,0.6760974824755179,0.241510248489279,207,206,0.47200000000000003,0.33828
nsrdb,17052,nsrdb_17052_clean.npz,11.999793836805555,0.0003205311659257859,28.0,50,3,36,H_pi1,2.4326341182821642,2.386686553390844,0.04594756489132035,0.36962103927875434,0.1304134651511788,207,206,0.47200000000000003,0.33828
nsrdb,17052,nsrdb_17052_clean.npz,11.999793836805555,0.0003205311659257859,28.0,50,3,36,rr_cv,0.05924921031435882,0.06521746791905307,-0.005968257604694251,-0.2459334408154322,-0.019581941412503964,207,206,0.47200000000000003,0.33828
nsrdb,17052,nsrdb_17052_clean.npz,11.999793836805555,0.0003205311659257859,28.0,50,3,36,n_unique_pi2,5.995169082125604,5.970873786407767,0.024295295717837284,0.18859831224904017,0.060847956290627565,207,206,0.47200000000000003,0.33828
nsrdb,17052,nsrdb_17052_clean.npz,11.999793836805555,0.0003205311659257859,28.0,50,3,36,rr_range,231.6953502415459,220.07736650485438,11.617983736691514,0.11519571609342687,0.07461804053958386,207,206,0.47200000000000003,0.33828
nsrdb,17052,nsrdb_17052_clean.npz,11.999793836805555,0.0003205311659257859,28.0,50,3,36,rr_std,55.411391371205916,53.218542383255034,2.1928489879508817,0.08593060822923289,0.06904094955915589,207,206,0.47200000000000003,0.33828
nsrdb,17052,nsrdb_17052_clean.npz,11.999793836805555,0.0003205311659257859,28.0,50,3,36,n_unique_pi1,5.9855072463768115,5.975728155339806,0.009779091037005472,0.07082643714709819,0.03131653466149538,207,206,0.47200000000000003,0.33828
nsrdb,17453,nsrdb_17453_clean.npz,11.999845920138888,1.986945790122263e-05,2.0,50,3,36,MI_bits,0.9723397083405163,0.5367784512179701,0.43556125712254623,6.567488227584037,0.9581835125901936,252,254,0.4388000000000001,0.31279999999999997
nsrdb,17453,nsrdb_17453_clean.npz,11.999845920138888,1.986945790122263e-05,2.0,50,3,36,NMI,0.3975720628505146,0.23023079658531326,0.16734126626520135,5.574131903704276,0.9218013920438006,252,254,0.4388000000000001,0.31279999999999997
nsrdb,17453,nsrdb_17453_clean.npz,11.999845920138888,1.986945790122263e-05,2.0,50,3,36,H_joint,4.004082405794811,4.278106973439453,-0.2740245676446422,-2.1469562375839395,-0.5399966002425322,252,254,0.4388000000000001,0.31279999999999997
nsrdb,17453,nsrdb_17453_clean.npz,11.999845920138888,1.986945790122263e-05,2.0,50,3,36,diversity,0.5370370370370371,0.6243438320209974,-0.08730679498396032,-2.0885978186593035,-0.5059479700116726,252,254,0.4388000000000001,0.31279999999999997
nsrdb,17453,nsrdb_17453_clean.npz,11.999845920138888,1.986945790122263e-05,2.0,50,3,36,joint_support_frac,0.5370370370370371,0.6243438320209974,-0.08730679498396032,-2.0885978186593035,-0.5059479700116726,252,254,0.4388000000000001,0.31279999999999997
nsrdb,17453,nsrdb_17453_clean.npz,11.999845920138888,1.986945790122263e-05,2.0,50,3,36,n_unique_joint,19.333333333333332,22.476377952755904,-3.1430446194225716,-2.088597818659303,-0.5059479700116725,252,254,0.4388000000000001,0.31279999999999997
nsrdb,17453,nsrdb_17453_clean.npz,11.999845920138888,1.986945790122263e-05,2.0,50,3,36,top3_joint_frac,0.3307936507936508,0.27110236220472445,0.05969128858892636,1.4962464627827234,0.42958843980809636,252,254,0.4388000000000001,0.31279999999999997
nsrdb,17453,nsrdb_17453_clean.npz,11.999845920138888,1.986945790122263e-05,2.0,50,3,36,H_pi1,2.486038360234656,2.3586690487063575,0.12736931152829856,1.3070167606232674,0.34158878966133455,252,254,0.4388000000000001,0.31279999999999997
nsrdb,17453,nsrdb_17453_clean.npz,11.999845920138888,1.986945790122263e-05,2.0,50,3,36,rr_ar1,0.5976930209272395,0.7855772873294338,-0.18788426640219424,-1.1873060791973122,-0.341660504361923,252,254,0.4388000000000001,0.31279999999999997
nsrdb,17453,nsrdb_17453_clean.npz,11.999845920138888,1.986945790122263e-05,2.0,50,3,36,max_joint_frac,0.1308730158730159,0.10708661417322836,0.023786401699787532,0.9987881382836379,0.3198088385537814,252,254,0.4388000000000001,0.31279999999999997
nsrdb,17453,nsrdb_17453_clean.npz,11.999845920138888,1.986945790122263e-05,2.0,50,3,36,rr_cv,0.05188244129184348,0.06899523021196335,-0.017112788920119873,-0.758049611397591,-0.22619873169374566,252,254,0.4388000000000001,0.31279999999999997
nsrdb,17453,nsrdb_17453_clean.npz,11.999845920138888,1.986945790122263e-05,2.0,50,3,36,rr_std,36.08188466777239,47.67963049149166,-11.597745823719265,-0.685667264160333,-0.2053123028416704,252,254,0.4388000000000001,0.31279999999999997
nsrdb,17453,nsrdb_17453_clean.npz,11.999845920138888,1.986945790122263e-05,2.0,50,3,36,rr_range,154.327876984127,195.1279527559055,-40.80007577177852,-0.6516446049556576,-0.19277255417623723,252,254,0.4388000000000001,0.31279999999999997
nsrdb,17453,nsrdb_17453_clean.npz,11.999845920138888,1.986945790122263e-05,2.0,50,3,36,H_pi2,2.490383753900671,2.4562163759510653,0.03416737794960545,0.4355810881164743,0.1325688474543536,252,254,0.4388000000000001,0.31279999999999997
nsrdb,17453,nsrdb_17453_clean.npz,11.999845920138888,1.986945790122263e-05,2.0,50,3,36,n_unique_pi1,6.0,5.9921259842519685,0.007874015748031482,0.12549116102763147,0.037622995798177565,252,254,0.4388000000000001,0.31279999999999997
nsrdb,17453,nsrdb_17453_clean.npz,11.999845920138888,1.986945790122263e-05,2.0,50,3,36,n_unique_pi2,6.0,5.9921259842519685,0.007874015748031482,0.12549116102763147,0.03965329612895843,252,254,0.4388000000000001,0.31279999999999997
nsrdb,17453,nsrdb_17453_clean.npz,11.999845920138888,1.986945790122263e-05,2.0,50,3,36,rmssd,29.126063048806376,28.54728116394706,0.5787818848593176,0.06491825246900061,0.019822883745994908,252,254,0.4388000000000001,0.31279999999999997
nsrdb,17453,nsrdb_17453_clean.npz,11.999845920138888,1.986945790122263e-05,2.0,50,3,36,rr_mean,686.258060515873,687.054625984252,-0.796565468378958,-0.013999837833727566,0.009629990252694341,252,254,0.4388000000000001,0.31279999999999997
nsrdb,18177,nsrdb_18177_clean.npz,11.999874131944445,0.00024156672589015216,28.0,50,3,36,MI_bits,0.9890493394111249,0.5667306270123663,0.4223187123987586,6.505260802096708,0.9524634373409959,274,274,0.4459600000000001,0.32399999999999995
nsrdb,18177,nsrdb_18177_clean.npz,11.999874131944445,0.00024156672589015216,28.0,50,3,36,NMI,0.40873819016369256,0.24611455477843672,0.16262363538525584,5.450771822265517,0.8954256656287972,274,274,0.4459600000000001,0.32399999999999995
nsrdb,18177,nsrdb_18177_clean.npz,11.999874131944445,0.00024156672589015216,28.0,50,3,36,n_unique_joint,18.67883211678832,21.50729927007299,-2.82846715328467,-1.5935112467734267,-0.4151107774339636,274,274,0.4459600000000001,0.32399999999999995
nsrdb,18177,nsrdb_18177_clean.npz,11.999874131944445,0.00024156672589015216,28.0,50,3,36,diversity,0.5188564476885645,0.5974249797242498,-0.07856853203568526,-1.5935112467734267,-0.4151107774339635,274,274,0.4459600000000001,0.32399999999999995
nsrdb,18177,nsrdb_18177_clean.npz,11.999874131944445,0.00024156672589015216,28.0,50,3,36,joint_support_frac,0.5188564476885645,0.5974249797242498,-0.07856853203568526,-1.5935112467734267,-0.4151107774339635,274,274,0.4459600000000001,0.32399999999999995
nsrdb,18177,nsrdb_18177_clean.npz,11.999874131944445,0.00024156672589015216,28.0,50,3,36,H_joint,3.9441232178411108,4.189541744313488,-0.2454185264723776,-1.588938450008076,-0.41724677728570575,274,274,0.4459600000000001,0.32399999999999995
nsrdb,18177,nsrdb_18177_clean.npz,11.999874131944445,0.00024156672589015216,28.0,50,3,36,H_pi1,2.4906870203067784,2.371262298587603,0.11942472171917551,1.3194488049801425,0.3224001461313559,274,274,0.4459600000000001,0.32399999999999995
nsrdb,18177,nsrdb_18177_clean.npz,11.999874131944445,0.00024156672589015216,28.0,50,3,36,top3_joint_frac,0.3426277372262774,0.2941605839416058,0.04846715328467155,1.080613771796543,0.30582106197740017,274,274,0.4459600000000001,0.32399999999999995
nsrdb,18177,nsrdb_18177_clean.npz,11.999874131944445,0.00024156672589015216,28.0,50,3,36,rr_ar1,0.5022592301028708,0.7070739910989489,-0.2048147609960781,-0.9521428564032695,-0.2851730051739389,274,274,0.4459600000000001,0.32399999999999995
nsrdb,18177,nsrdb_18177_clean.npz,11.999874131944445,0.00024156672589015216,28.0,50,3,36,max_joint_frac,0.13846715328467152,0.11912408759124088,0.01934306569343064,0.6817410877971992,0.18767641398207646,274,274,0.4459600000000001,0.32399999999999995
nsrdb,18177,nsrdb_18177_clean.npz,11.999874131944445,0.00024156672589015216,28.0,50,3,36,rr_mean,606.9576870437957,636.8487682481751,-29.891081204379475,-0.5135890953248313,-0.12474248030199142,274,274,0.4459600000000001,0.32399999999999995
nsrdb,18177,nsrdb_18177_clean.npz,11.999874131944445,0.00024156672589015216,28.0,50,3,36,rr_std,28.434041225366723,37.061499542373205,-8.627458317006482,-0.5121255136183146,-0.10991029319184743,274,274,0.4459600000000001,0.32399999999999995
nsrdb,18177,nsrdb_18177_clean.npz,11.999874131944445,0.00024156672589015216,28.0,50,3,36,H_pi2,2.4424855369454574,2.3850100727382535,0.05747546420720395,0.5005874881282721,0.1788268395546552,274,274,0.4459600000000001,0.32399999999999995
nsrdb,18177,nsrdb_18177_clean.npz,11.999874131944445,0.00024156672589015216,28.0,50,3,36,rr_cv,0.04555008633450556,0.05756197678278105,-0.01201189044827549,-0.49383464124091864,-0.10799700539988946,274,274,0.4459600000000001,0.32399999999999995
nsrdb,18177,nsrdb_18177_clean.npz,11.999874131944445,0.00024156672589015216,28.0,50,3,36,rr_range,133.46829379562044,173.27212591240877,-39.80383211678833,-0.47500527765221184,-0.09798667809337623,274,274,0.4459600000000001,0.32399999999999995
nsrdb,18177,nsrdb_18177_clean.npz,11.999874131944445,0.00024156672589015216,28.0,50,3,36,n_unique_pi2,5.992700729927007,5.95985401459854,0.032846715328466836,0.21670742080825847,0.10083221743680806,274,274,0.4459600000000001,0.32399999999999995
nsrdb,18177,nsrdb_18177_clean.npz,11.999874131944445,0.00024156672589015216,28.0,50,3,36,rmssd,25.70690729574661,26.652877982901764,-0.9459706871551532,-0.07068493424876786,0.014045406919994563,274,274,0.4459600000000001,0.32399999999999995
nsrdb,18177,nsrdb_18177_clean.npz,11.999874131944445,0.00024156672589015216,28.0,50,3,36,n_unique_pi1,5.985401459854015,5.989051094890511,-0.0036496350364965124,-0.032444847183852016,-0.020588556581115927,274,274,0.4459600000000001,0.32399999999999995
nsrdb,18184,nsrdb_18184_clean.npz,11.999989149305556,4.887012255494483e-05,5.0,50,3,36,MI_bits,0.9374461102078424,0.5094534231757032,0.4279926870321392,5.9469041063273815,0.9498231421681326,243,243,0.4276000000000001,0.29600000000000004
nsrdb,18184,nsrdb_18184_clean.npz,11.999989149305556,4.887012255494483e-05,5.0,50,3,36,NMI,0.3961587657163423,0.23157687422083625,0.16458189149550603,4.638053391282191,0.8860993449063681,243,243,0.4276000000000001,0.29600000000000004
nsrdb,18184,nsrdb_18184_clean.npz,11.999989149305556,4.887012255494483e-05,5.0,50,3,36,H_pi1,2.4130198018202944,2.247263165794648,0.1657566360256464,1.3275160601211937,0.3589868736900512,243,243,0.4276000000000001,0.29600000000000004
nsrdb,18184,nsrdb_18184_clean.npz,11.999989149305556,4.887012255494483e-05,5.0,50,3,36,diversity,0.5098308184727938,0.5811614083219022,-0.07133058984910845,-1.2591303003931977,-0.3793950772101186,243,243,0.4276000000000001,0.29600000000000004
nsrdb,18184,nsrdb_18184_clean.npz,11.999989149305556,4.887012255494483e-05,5.0,50,3,36,joint_support_frac,0.5098308184727938,0.5811614083219022,-0.07133058984910845,-1.2591303003931977,-0.3793950772101186,243,243,0.4276000000000001,0.29600000000000004
nsrdb,18184,nsrdb_18184_clean.npz,11.999989149305556,4.887012255494483e-05,5.0,50,3,36,n_unique_joint,18.353909465020575,20.921810699588477,-2.567901234567902,-1.2591303003931968,-0.3793950772101185,243,243,0.4276000000000001,0.29600000000000004
nsrdb,18184,nsrdb_18184_clean.npz,11.999989149305556,4.887012255494483e-05,5.0,50,3,36,H_joint,3.915680457593565,4.112724568192577,-0.19704411059901172,-1.0668821017928662,-0.33031769204563477,243,243,0.4276000000000001,0.29600000000000004
nsrdb,18184,nsrdb_18184_clean.npz,11.999989149305556,4.887012255494483e-05,5.0,50,3,36,rr_ar1,0.7432040553770383,0.8464681782272836,-0.10326412285024533,-0.7729387817940916,-0.2232097321257825,243,243,0.4276000000000001,0.29600000000000004
nsrdb,18184,nsrdb_18184_clean.npz,11.999989149305556,4.887012255494483e-05,5.0,50,3,36,top3_joint_frac,0.3459259259259259,0.31802469135802464,0.02790123456790128,0.5388350651434335,0.17724998027123423,243,243,0.4276000000000001,0.29600000000000004
nsrdb,18184,nsrdb_18184_clean.npz,11.999989149305556,4.887012255494483e-05,5.0,50,3,36,H_pi2,2.440106765981113,2.374914825573632,0.06519194040748078,0.5086626745494125,0.14999894599541186,243,243,0.4276000000000001,0.29600000000000004
nsrdb,18184,nsrdb_18184_clean.npz,11.999989149305556,4.887012255494483e-05,5.0,50,3,36,rr_cv,0.05305608891681206,0.06347746149845784,-0.010421372581645785,-0.38569878139742547,-0.10983783451639124,243,243,0.4276000000000001,0.29600000000000004
nsrdb,18184,nsrdb_18184_clean.npz,11.999989149305556,4.887012255494483e-05,5.0,50,3,36,rr_std,38.57746183496776,45.327456103950055,-6.749994268982299,-0.2960503503843802,-0.08573278196813196,243,243,0.4276000000000001,0.29600000000000004
nsrdb,18184,nsrdb_18184_clean.npz,11.999989149305556,4.887012255494483e-05,5.0,50,3,36,rr_range,160.78317901234567,184.51003086419752,-23.726851851851848,-0.26782423024699314,-0.07653041485426422,243,243,0.4276000000000001,0.29600000000000004
nsrdb,18184,nsrdb_18184_clean.npz,11.999989149305556,4.887012255494483e-05,5.0,50,3,36,n_unique_pi2,5.983539094650205,5.962962962962963,0.020576131687242594,0.1275225402177771,0.042374030709822964,243,243,0.4276000000000001,0.29600000000000004
nsrdb,18184,nsrdb_18184_clean.npz,11.999989149305556,4.887012255494483e-05,5.0,50,3,36,rmssd,25.63672440999178,23.74857550168959,1.8881489083021883,0.10521204712422474,0.02623776602110451,243,243,0.4276000000000001,0.29600000000000004
nsrdb,18184,nsrdb_18184_clean.npz,11.999989149305556,4.887012255494483e-05,5.0,50,3,36,rr_mean,710.2546296296297,703.8908179012345,6.363811728395149,0.07890326177614153,0.0091789110057428,243,243,0.4276000000000001,0.29600000000000004
nsrdb,18184,nsrdb_18184_clean.npz,11.999989149305556,4.887012255494483e-05,5.0,50,3,36,max_joint_frac,0.1377777777777778,0.1357201646090535,0.0020576131687242982,0.061626992957450506,0.044446910103386895,243,243,0.4276000000000001,0.29600000000000004
nsrdb,18184,nsrdb_18184_clean.npz,11.999989149305556,4.887012255494483e-05,5.0,50,3,36,n_unique_pi1,5.991769547325103,5.991769547325103,0.0,0.0,0.004613849611978387,243,243,0.4276000000000001,0.29600000000000004
nsrdb,19088,nsrdb_19088_clean.npz,12.0,0.0013679052935913205,134.0,50,3,36,MI_bits,0.8955827869824532,0.49730326581583495,0.39827952116661824,6.239997498611935,0.9430281283204607,255,254,0.41159999999999997,0.29035999999999995
nsrdb,19088,nsrdb_19088_clean.npz,12.0,0.0013679052935913205,134.0,50,3,36,NMI,0.3793466952628607,0.22029041323992035,0.15905628202294034,5.027614786041512,0.890802692322176,255,254,0.41159999999999997,0.29035999999999995
nsrdb,19088,nsrdb_19088_clean.npz,12.0,0.0013679052935913205,134.0,50,3,36,diversity,0.5215686274509804,0.603565179352581,-0.0819965519016006,-1.4980721697044903,-0.4124075469613269,255,254,0.41159999999999997,0.29035999999999995
nsrdb,19088,nsrdb_19088_clean.npz,12.0,0.0013679052935913205,134.0,50,3,36,joint_support_frac,0.5215686274509804,0.603565179352581,-0.0819965519016006,-1.4980721697044903,-0.4124075469613269,255,254,0.41159999999999997,0.29035999999999995
nsrdb,19088,nsrdb_19088_clean.npz,12.0,0.0013679052935913205,134.0,50,3,36,n_unique_joint,18.776470588235295,21.728346456692915,-2.95187586845762,-1.4980721697044892,-0.41240754696132703,255,254,0.41159999999999997,0.29035999999999995
nsrdb,19088,nsrdb_19088_clean.npz,12.0,0.0013679052935913205,134.0,50,3,36,H_joint,3.960345252317745,4.1922288171925635,-0.23188356487481832,-1.2696553630929714,-0.38424352596509104,255,254,0.41159999999999997,0.29035999999999995
nsrdb,19088,nsrdb_19088_clean.npz,12.0,0.0013679052935913205,134.0,50,3,36,H_pi1,2.39267999174235,2.285181992248946,0.107497999493404,0.8801932722309873,0.29847748658133955,255,254,0.41159999999999997,0.29035999999999995
nsrdb,19088,nsrdb_19088_clean.npz,12.0,0.0013679052935913205,134.0,50,3,36,rr_ar1,0.6390481423478923,0.7864601830552371,-0.14741204070734482,-0.7178390317897687,-0.20539108524910785,255,254,0.41159999999999997,0.29035999999999995
nsrdb,19088,nsrdb_19088_clean.npz,12.0,0.0013679052935913205,134.0,50,3,36,top3_joint_frac,0.33419607843137256,0.29968503937007873,0.034511039061293824,0.6496885030520787,0.22593215885494974,255,254,0.41159999999999997,0.29035999999999995
nsrdb,19088,nsrdb_19088_clean.npz,12.0,0.0013679052935913205,134.0,50,3,36,rr_cv,0.052440714495536195,0.06279244276784511,-0.010351728272308916,-0.5354721481977972,-0.14464189804168034,255,254,0.41159999999999997,0.29035999999999995
nsrdb,19088,nsrdb_19088_clean.npz,12.0,0.0013679052935913205,134.0,50,3,36,rr_std,34.60297750080833,41.673510479036466,-7.070532978228137,-0.5295154901497304,-0.14649441469036056,255,254,0.41159999999999997,0.29035999999999995
nsrdb,19088,nsrdb_19088_clean.npz,12.0,0.0013679052935913205,134.0,50,3,36,H_pi2,2.463248047557849,2.404350090759452,0.05889795679839693,0.5075563085620926,0.1488983921361065,255,254,0.41159999999999997,0.29035999999999995
nsrdb,19088,nsrdb_19088_clean.npz,12.0,0.0013679052935913205,134.0,50,3,36,rr_range,145.52696078431373,171.62893700787401,-26.101976223560285,-0.463643010460796,-0.11758385023802531,255,254,0.41159999999999997,0.29035999999999995
nsrdb,19088,nsrdb_19088_clean.npz,12.0,0.0013679052935913205,134.0,50,3,36,max_joint_frac,0.13050980392156863,0.12283464566929135,0.007675158252277284,0.2473407322227932,0.10745201044870153,255,254,0.41159999999999997,0.29035999999999995
nsrdb,19088,nsrdb_19088_clean.npz,12.0,0.0013679052935913205,134.0,50,3,36,n_unique_pi2,5.988235294117647,5.97244094488189,0.015794349235757288,0.11376760046385659,0.05347868689811825,255,254,0.41159999999999997,0.29035999999999995
nsrdb,19088,nsrdb_19088_clean.npz,12.0,0.0013679052935913205,134.0,50,3,36,rr_mean,657.1691176470588,662.2287155511812,-5.05959790412237,-0.07100277850334571,-0.03696262068329752,255,254,0.41159999999999997,0.29035999999999995
nsrdb,19088,nsrdb_19088_clean.npz,12.0,0.0013679052935913205,134.0,50,3,36,n_unique_pi1,5.988235294117647,5.980314960629921,0.007920333487725806,0.06358617899891877,0.020703650229667907,255,254,0.41159999999999997,0.29035999999999995
nsrdb,19088,nsrdb_19088_clean.npz,12.0,0.0013679052935913205,134.0,50,3,36,rmssd,25.730432238663123,25.35052393123693,0.3799083074261951,0.04141140737194216,-0.006073065627214078,255,254,0.41159999999999997,0.29035999999999995
nsrdb,19090,nsrdb_19090_clean.npz,11.999791666666667,0.00028258998645469546,23.0,50,3,36,MI_bits,0.9810543493400388,0.5258894894278974,0.4551648599121414,6.867504571869423,0.9580181776354798,209,209,0.4404,0.3056
nsrdb,19090,nsrdb_19090_clean.npz,11.999791666666667,0.00028258998645469546,23.0,50,3,36,NMI,0.41003725477943087,0.23244279226145018,0.1775944625179807,5.814876133062031,0.9197721680192326,209,209,0.4404,0.3056
nsrdb,19090,nsrdb_19090_clean.npz,11.999791666666667,0.00028258998645469546,23.0,50,3,36,H_joint,3.9262361422083476,4.2051760584032225,-0.2789399161948749,-1.9388843357550982,-0.5103981181791597,209,209,0.4404,0.3056
nsrdb,19090,nsrdb_19090_clean.npz,11.999791666666667,0.00028258998645469546,23.0,50,3,36,diversity,0.5174109516214779,0.6012759170653907,-0.08386496544391286,-1.8105954997488474,-0.4727436758737259,209,209,0.4404,0.3056
nsrdb,19090,nsrdb_19090_clean.npz,11.999791666666667,0.00028258998645469546,23.0,50,3,36,joint_support_frac,0.5174109516214779,0.6012759170653907,-0.08386496544391286,-1.8105954997488474,-0.4727436758737259,209,209,0.4404,0.3056
nsrdb,19090,nsrdb_19090_clean.npz,11.999791666666667,0.00028258998645469546,23.0,50,3,36,n_unique_joint,18.626794258373206,21.645933014354068,-3.019138755980862,-1.8105954997488465,-0.472743675873726,209,209,0.4404,0.3056
nsrdb,19090,nsrdb_19090_clean.npz,11.999791666666667,0.00028258998645469546,23.0,50,3,36,top3_joint_frac,0.3464114832535885,0.28669856459330145,0.05971291866028705,1.3796914057946963,0.40221955210705684,209,209,0.4404,0.3056
nsrdb,19090,nsrdb_19090_clean.npz,11.999791666666667,0.00028258998645469546,23.0,50,3,36,rr_ar1,0.5996973007043395,0.8185176735840395,-0.21882037287970002,-1.3384765956798201,-0.34910544493790996,209,209,0.4404,0.3056
nsrdb,19090,nsrdb_19090_clean.npz,11.999791666666667,0.00028258998645469546,23.0,50,3,36,rr_cv,0.03806755247962732,0.06465063860962802,-0.026583086130000703,-1.2973781165389278,-0.3400179546658784,209,209,0.4404,0.3056
nsrdb,19090,nsrdb_19090_clean.npz,11.999791666666667,0.00028258998645469546,23.0,50,3,36,rr_range,134.7562799043062,209.70394736842104,-74.94766746411483,-1.234076375220371,-0.33416451002761177,209,209,0.4404,0.3056
nsrdb,19090,nsrdb_19090_clean.npz,11.999791666666667,0.00028258998645469546,23.0,50,3,36,rr_std,31.667716237273595,52.33460979834521,-20.666893561071618,-1.2125276212648084,-0.3377044656663813,209,209,0.4404,0.3056
nsrdb,19090,nsrdb_19090_clean.npz,11.999791666666667,0.00028258998645469546,23.0,50,3,36,H_pi1,2.405932126761395,2.2848863344445065,0.12104579231688861,1.0790460024571877,0.3031676225506739,209,209,0.4404,0.3056
nsrdb,19090,nsrdb_19090_clean.npz,11.999791666666667,0.00028258998645469546,23.0,50,3,36,max_joint_frac,0.13435406698564595,0.1151196172248804,0.01923444976076555,0.7653268744627977,0.24444695017567816,209,209,0.4404,0.3056
nsrdb,19090,nsrdb_19090_clean.npz,11.999791666666667,0.00028258998645469546,23.0,50,3,36,H_pi2,2.5013583647869906,2.446179213386614,0.05517915140037655,0.64079042754722,0.20047966134776535,209,209,0.4404,0.3056
nsrdb,19090,nsrdb_19090_clean.npz,11.999791666666667,0.00028258998645469546,23.0,50,3,36,rr_mean,847.1531100478469,810.2485795454545,36.90453050239239,0.39997772777193175,0.07081894437472296,209,209,0.4404,0.3056
nsrdb,19090,nsrdb_19090_clean.npz,11.999791666666667,0.00028258998645469546,23.0,50,3,36,rmssd,25.407752897493967,27.891626718228462,-2.4838738207344946,-0.3972479073466617,-0.13770222313628075,209,209,0.4404,0.3056
nsrdb,19090,nsrdb_19090_clean.npz,11.999791666666667,0.00028258998645469546,23.0,50,3,36,n_unique_pi2,6.0,5.980861244019139,0.0191387559808609,0.1970727547718254,0.06590819773403815,209,209,0.4404,0.3056
nsrdb,19090,nsrdb_19090_clean.npz,11.999791666666667,0.00028258998645469546,23.0,50,3,36,n_unique_pi1,6.0,5.985645933014354,0.014354066985646341,0.17025526047258457,0.04883960709671711,209,209,0.4404,0.3056
nsrdb,19093,nsrdb_19093_clean.npz,11.999776475694444,0.00017309100076090544,13.0,50,3,36,MI_bits,1.03921056815551,0.4829716080792603,0.5562389600762496,6.115395538191403,0.9664158991483577,187,187,0.4426,0.28879999999999995
nsrdb,19093,nsrdb_19093_clean.npz,11.999776475694444,0.00017309100076090544,13.0,50,3,36,NMI,0.4268299130118988,0.21772707512050912,0.2091028378913897,5.399015577295055,0.9382833021327515,187,187,0.4426,0.28879999999999995
nsrdb,19093,nsrdb_19093_clean.npz,11.999776475694444,0.00017309100076090544,13.0,50,3,36,H_pi1,2.4440430677485834,2.229190154009867,0.2148529137387163,1.9017673428755986,0.4887821288077065,187,187,0.4426,0.28879999999999995
nsrdb,19093,nsrdb_19093_clean.npz,11.999776475694444,0.00017309100076090544,13.0,50,3,36,diversity,0.516934046345811,0.6023469994058229,-0.08541295306001195,-1.8105919068358063,-0.48147208235640476,187,187,0.4426,0.28879999999999995
nsrdb,19093,nsrdb_19093_clean.npz,11.999776475694444,0.00017309100076090544,13.0,50,3,36,joint_support_frac,0.516934046345811,0.6023469994058229,-0.08541295306001195,-1.8105919068358063,-0.48147208235640476,187,187,0.4426,0.28879999999999995
nsrdb,19093,nsrdb_19093_clean.npz,11.999776475694444,0.00017309100076090544,13.0,50,3,36,n_unique_joint,18.609625668449198,21.684491978609625,-3.074866310160427,-1.810591906835804,-0.4814720823564047,187,187,0.4426,0.28879999999999995
nsrdb,19093,nsrdb_19093_clean.npz,11.999776475694444,0.00017309100076090544,13.0,50,3,36,rr_mean,1012.3567012032086,863.2946189839572,149.06208221925135,1.7688099401283295,0.4166007395152273,187,187,0.4426,0.28879999999999995
nsrdb,19093,nsrdb_19093_clean.npz,11.999776475694444,0.00017309100076090544,13.0,50,3,36,H_joint,3.9306216034172814,4.203174105531249,-0.27255250211396786,-1.7463977586318018,-0.5096299781476898,187,187,0.4426,0.28879999999999995
nsrdb,19093,nsrdb_19093_clean.npz,11.999776475694444,0.00017309100076090544,13.0,50,3,36,rr_ar1,0.5334043876105564,0.8674662879868638,-0.33406190037630734,-1.6929799921324593,-0.548696292974056,187,187,0.4426,0.28879999999999995
nsrdb,19093,nsrdb_19093_clean.npz,11.999776475694444,0.00017309100076090544,13.0,50,3,36,rr_cv,0.05923349994874969,0.08496728154452356,-0.025733781595773865,-1.1223371742635864,-0.27589760965169524,187,187,0.4426,0.28879999999999995
nsrdb,19093,nsrdb_19093_clean.npz,11.999776475694444,0.00017309100076090544,13.0,50,3,36,top3_joint_frac,0.3488770053475936,0.2944385026737968,0.054438502673796796,1.0956958785242767,0.3782429221069751,187,187,0.4426,0.28879999999999995
nsrdb,19093,nsrdb_19093_clean.npz,11.999776475694444,0.00017309100076090544,13.0,50,3,36,rmssd,50.95285224396658,35.863796668989906,15.089055574976676,1.0484378498611568,0.2780845533424783,187,187,0.4426,0.28879999999999995
nsrdb,19093,nsrdb_19093_clean.npz,11.999776475694444,0.00017309100076090544,13.0,50,3,36,H_pi2,2.5257891038242084,2.4569555596006425,0.06883354422356591,0.8964696886766949,0.25521797644847705,187,187,0.4426,0.28879999999999995
nsrdb,19093,nsrdb_19093_clean.npz,11.999776475694444,0.00017309100076090544,13.0,50,3,36,max_joint_frac,0.1386096256684492,0.11893048128342247,0.01967914438502673,0.7124471699498274,0.2530031154458214,187,187,0.4426,0.28879999999999995
nsrdb,19093,nsrdb_19093_clean.npz,11.999776475694444,0.00017309100076090544,13.0,50,3,36,rr_std,59.65452229046413,73.45269448020501,-13.798172189740882,-0.6302580761127743,-0.16768626313743396,187,187,0.4426,0.28879999999999995
nsrdb,19093,nsrdb_19093_clean.npz,11.999776475694444,0.00017309100076090544,13.0,50,3,36,rr_range,252.0471256684492,284.2580213903743,-32.21089572192511,-0.36788509782179635,-0.10427280503396166,187,187,0.4426,0.28879999999999995
nsrdb,19093,nsrdb_19093_clean.npz,11.999776475694444,0.00017309100076090544,13.0,50,3,36,n_unique_pi2,6.0,5.989304812834225,0.010695187165775444,0.14664923449028427,0.04007498013428955,187,187,0.4426,0.28879999999999995
nsrdb,19093,nsrdb_19093_clean.npz,11.999776475694444,0.00017309100076090544,13.0,50,3,36,n_unique_pi1,5.994652406417113,5.978609625668449,0.01604278074866361,0.13965310007701615,0.0109694090492645,187,187,0.4426,0.28879999999999995
nsrdb,19140,nsrdb_19140_clean.npz,11.999954427083333,0.000196697554201819,19.0,50,3,36,MI_bits,0.8851229252828722,0.48128264589241543,0.40384027939045675,6.389888198964249,0.9432951675677489,246,246,0.4064000000000001,0.28720000000000007
nsrdb,19140,nsrdb_19140_clean.npz,11.999954427083333,0.000196697554201819,19.0,50,3,36,NMI,0.37608645814174024,0.21624270602989648,0.15984375211184376,5.301251501617459,0.8909336908624852,246,246,0.4064000000000001,0.28720000000000007
nsrdb,19140,nsrdb_19140_clean.npz,11.999954427083333,0.000196697554201819,19.0,50,3,36,diversity,0.5215672990063234,0.6034327009936766,-0.08186540198735326,-1.6581681803713244,-0.42907401628460384,246,246,0.4064000000000001,0.28720000000000007
nsrdb,19140,nsrdb_19140_clean.npz,11.999954427083333,0.000196697554201819,19.0,50,3,36,joint_support_frac,0.5215672990063234,0.6034327009936766,-0.08186540198735326,-1.6581681803713244,-0.42907401628460384,246,246,0.4064000000000001,0.28720000000000007
nsrdb,19140,nsrdb_19140_clean.npz,11.999954427083333,0.000196697554201819,19.0,50,3,36,n_unique_joint,18.776422764227643,21.723577235772357,-2.9471544715447138,-1.6581681803713226,-0.4290740162846035,246,246,0.4064000000000001,0.28720000000000007
nsrdb,19140,nsrdb_19140_clean.npz,11.999954427083333,0.000196697554201819,19.0,50,3,36,H_joint,3.961070384646224,4.201012690836437,-0.23994230619021328,-1.5164837942075788,-0.4066714678982093,246,246,0.4064000000000001,0.28720000000000007
nsrdb,19140,nsrdb_19140_clean.npz,11.999954427083333,0.000196697554201819,19.0,50,3,36,H_pi1,2.391014095654836,2.242292831463248,0.14872126419158782,1.392429959608152,0.3801507849623997,246,246,0.4064000000000001,0.28720000000000007
nsrdb,19140,nsrdb_19140_clean.npz,11.999954427083333,0.000196697554201819,19.0,50,3,36,top3_joint_frac,0.33382113821138215,0.29536585365853657,0.03845528455284558,0.8014481272062541,0.23904870379863727,246,246,0.4064000000000001,0.28720000000000007
nsrdb,19140,nsrdb_19140_clean.npz,11.999954427083333,0.000196697554201819,19.0,50,3,36,rr_cv,0.05179530707851127,0.06791844116622164,-0.01612313408771037,-0.7927095423063684,-0.18288474750699868,246,246,0.4064000000000001,0.28720000000000007
nsrdb,19140,nsrdb_19140_clean.npz,11.999954427083333,0.000196697554201819,19.0,50,3,36,rr_std,36.04216241086682,49.27783400519959,-13.235671594332764,-0.7659411191723763,-0.17575943938006808,246,246,0.4064000000000001,0.28720000000000007
nsrdb,19140,nsrdb_19140_clean.npz,11.999954427083333,0.000196697554201819,19.0,50,3,36,rr_range,152.5025406504065,205.12576219512195,-52.62322154471545,-0.7261107699063399,-0.17618146352894656,246,246,0.4064000000000001,0.28720000000000007
nsrdb,19140,nsrdb_19140_clean.npz,11.999954427083333,0.000196697554201819,19.0,50,3,36,rr_ar1,0.720095679280786,0.7899745551151997,-0.06987887583441366,-0.5067537750511433,-0.14580947831497185,246,246,0.4064000000000001,0.28720000000000007
nsrdb,19140,nsrdb_19140_clean.npz,11.999954427083333,0.000196697554201819,19.0,50,3,36,rr_mean,678.7614329268292,715.4623983739838,-36.700965447154545,-0.4659913412534527,-0.11951670586975609,246,246,0.4064000000000001,0.28720000000000007
nsrdb,19140,nsrdb_19140_clean.npz,11.999954427083333,0.000196697554201819,19.0,50,3,36,rmssd,25.894756265104682,31.054302011217384,-5.159545746112702,-0.3569797777902948,-0.07805850910319395,246,246,0.4064000000000001,0.28720000000000007
nsrdb,19140,nsrdb_19140_clean.npz,11.999954427083333,0.000196697554201819,19.0,50,3,36,max_joint_frac,0.13000000000000003,0.12178861788617887,0.008211382113821164,0.288332278008271,0.0788201295503392,246,246,0.4064000000000001,0.28720000000000007
nsrdb,19140,nsrdb_19140_clean.npz,11.999954427083333,0.000196697554201819,19.0,50,3,36,n_unique_pi2,6.0,5.983739837398374,0.016260162601626327,0.18144825634479472,0.04647587180392502,246,246,0.4064000000000001,0.28720000000000007
nsrdb,19140,nsrdb_19140_clean.npz,11.999954427083333,0.000196697554201819,19.0,50,3,36,H_pi2,2.455179214274261,2.4400025052656047,0.015176709008656086,0.13741100557370212,0.06697736550904677,246,246,0.4064000000000001,0.28720000000000007
nsrdb,19140,nsrdb_19140_clean.npz,11.999954427083333,0.000196697554201819,19.0,50,3,36,n_unique_pi1,5.983739837398374,5.987804878048781,-0.004065040650407248,-0.034260174077399834,-0.007390412164203897,246,246,0.4064000000000001,0.28720000000000007
nsrdb,19830,nsrdb_19830_clean.npz,11.99998046875,0.0009603863582015038,105.0,50,3,36,MI_bits,0.9611759514483663,0.5627144285381976,0.3984615229101687,6.115377208031895,0.9376116313193104,282,282,0.43960000000000005,0.31440000000000007
nsrdb,19830,nsrdb_19830_clean.npz,11.99998046875,0.0009603863582015038,105.0,50,3,36,NMI,0.4115950051494374,0.2627682937271624,0.148826711422275,4.4397552844655825,0.8274135114484774,282,282,0.43960000000000005,0.31440000000000007
nsrdb,19830,nsrdb_19830_clean.npz,11.99998046875,0.0009603863582015038,105.0,50,3,36,H_pi1,2.432647516913982,2.2656459234418356,0.1670015934721465,1.2546336668254916,0.3285510424380067,282,282,0.43960000000000005,0.31440000000000007
nsrdb,19830,nsrdb_19830_clean.npz,11.99998046875,0.0009603863582015038,105.0,50,3,36,H_pi2,2.36404553744203,2.2319248620698775,0.13212067537215244,0.8256143656685239,0.2501504329342023,282,282,0.43960000000000005,0.31440000000000007
nsrdb,19830,nsrdb_19830_clean.npz,11.99998046875,0.0009603863582015038,105.0,50,3,36,rr_ar1,0.5607397984014323,0.7233946516379807,-0.16265485323654838,-0.783658368971876,-0.21508985875513395,282,282,0.43960000000000005,0.31440000000000007
nsrdb,19830,nsrdb_19830_clean.npz,11.99998046875,0.0009603863582015038,105.0,50,3,36,n_unique_joint,17.46808510638298,19.170212765957448,-1.7021276595744688,-0.7669621039144869,-0.2380406078978278,282,282,0.43960000000000005,0.31440000000000007
nsrdb,19830,nsrdb_19830_clean.npz,11.99998046875,0.0009603863582015038,105.0,50,3,36,diversity,0.4852245862884161,0.5325059101654847,-0.04728132387706857,-0.7669621039144869,-0.23804060789782777,282,282,0.43960000000000005,0.31440000000000007
nsrdb,19830,nsrdb_19830_clean.npz,11.99998046875,0.0009603863582015038,105.0,50,3,36,joint_support_frac,0.4852245862884161,0.5325059101654847,-0.04728132387706857,-0.7669621039144869,-0.23804060789782777,282,282,0.43960000000000005,0.31440000000000007
nsrdb,19830,nsrdb_19830_clean.npz,11.99998046875,0.0009603863582015038,105.0,50,3,36,n_unique_pi2,5.98581560283688,5.861702127659575,0.12411347517730498,0.480158005199617,0.140745431654486,282,282,0.43960000000000005,0.31440000000000007
nsrdb,19830,nsrdb_19830_clean.npz,11.99998046875,0.0009603863582015038,105.0,50,3,36,H_joint,3.8355171029076462,3.9348563569735155,-0.0993392540658693,-0.4417391671221535,-0.15762195179849364,282,282,0.43960000000000005,0.31440000000000007
nsrdb,19830,nsrdb_19830_clean.npz,11.99998046875,0.0009603863582015038,105.0,50,3,36,rr_mean,593.7098293439716,623.7572030141844,-30.047373670212778,-0.4326771533557175,-0.13867428551549438,282,282,0.43960000000000005,0.31440000000000007
nsrdb,19830,nsrdb_19830_clean.npz,11.99998046875,0.0009603863582015038,105.0,50,3,36,rr_std,17.027277537190827,20.256496833609408,-3.229219296418581,-0.36245708134689414,-0.10799910641633895,282,282,0.43960000000000005,0.31440000000000007
nsrdb,19830,nsrdb_19830_clean.npz,11.99998046875,0.0009603863582015038,105.0,50,3,36,max_joint_frac,0.14617021276595743,0.16113475177304967,-0.014964539007092242,-0.34065642172068983,-0.11231133953848114,282,282,0.43960000000000005,0.31440000000000007
nsrdb,19830,nsrdb_19830_clean.npz,11.99998046875,0.0009603863582015038,105.0,50,3,36,rr_range,73.69237588652483,86.87943262411348,-13.187056737588648,-0.33905031594072715,-0.09174127721728126,282,282,0.43960000000000005,0.31440000000000007
nsrdb,19830,nsrdb_19830_clean.npz,11.99998046875,0.0009603863582015038,105.0,50,3,36,rr_cv,0.028376967435049392,0.031942550394568746,-0.003565582959519354,-0.2754502662478644,-0.08203003175296911,282,282,0.43960000000000005,0.31440000000000007
nsrdb,19830,nsrdb_19830_clean.npz,11.99998046875,0.0009603863582015038,105.0,50,3,36,rmssd,13.929754133292336,13.449179550094215,0.48057458319812163,0.10402618832838072,0.0185994160661019,282,282,0.43960000000000005,0.31440000000000007
nsrdb,19830,nsrdb_19830_clean.npz,11.99998046875,0.0009603863582015038,105.0,50,3,36,n_unique_pi1,5.971631205673759,5.960992907801418,0.010638297872341163,0.058883500384957065,0.002900660929102953,282,282,0.43960000000000005,0.31440000000000007
nsrdb,19830,nsrdb_19830_clean.npz,11.99998046875,0.0009603863582015038,105.0,50,3,36,top3_joint_frac,0.3619148936170212,0.3587943262411348,0.0031205673758864516,0.04968475835762395,0.029109826550616558,282,282,0.43960000000000005,0.31440000000000007
