cohort,record_id,source_path,total_hours_used,interp_frac,n_invalid,L,m,K,skipped,skip_reason,n_symbols,basal_start,basal_end,search_hours,n_episodes_S_ge_high_abs,episode_rate_per_24h,high_abs,mean_S_all,median_S_all,std_S_all,p10_S_all,p25_S_all,p75_S_all,p90_S_all,p95_S_all,p99_S_all,min_S_all,max_S_all,iqr_S_all,frac_S_ge_0p15,frac_S_ge_0p25,frac_S_ge_0p40,frac_S_ge_0p50,mean_S_basal,median_S_basal,std_S_basal,p90_S_basal,p95_S_basal,n_S_basal,mean_S_search,median_S_search,std_S_search,p90_S_search,p95_S_search,n_S_search,delta_mean_search_minus_basal,mean_diversity,mean_MI_bits,mean_rr_cv,mean_rmssd,mean_max_joint_frac,mean_NMI
nsrdb,16265,nsrdb_16265_clean.npz,11.99993923611111,0.0003192274598404765,32.0,50,3,36,False,,61579,0.25,2.0,9.99993923611111,280,672.0040833581454,0.4,0.3502289354786283,0.34920000000000007,0.04813355072166552,0.28880000000000006,0.3172,0.3824,0.4132399999999995,0.43119999999999997,0.46320000000000006,0.1816,0.5783999999999998,0.06520000000000004,1.0,0.983796522021778,0.15350235657402894,0.001040143019665204,0.3518961397263322,0.3516000000000001,0.04633767319672534,0.40919999999999995,0.4312000000000001,8989,0.3494463048792413,0.34839999999999993,0.04858230832414629,0.414,0.4312,51135,-0.002449834847090937,0.5844164635797455,0.677117004219666,0.07328938843495952,33.22218742515256,0.11734362307067427,0.2875320472902468
nsrdb,16272,nsrdb_16272_clean.npz,11.999739583333334,0.005708946380764246,501.0,50,3,36,False,,44722,0.25,2.0,9.999739583333334,305,732.0190629964322,0.4,0.3752638775099053,0.3744,0.052790737093190716,0.3076,0.33880000000000005,0.4104000000000001,0.44320000000000004,0.46280000000000004,0.5025119999999996,0.1492,0.5884,0.07160000000000005,0.9999776151142749,0.9942694692543594,0.32014863564121504,0.011035748662503078,0.3737966553011853,0.372,0.049738600174439436,0.44048000000000004,0.4652399999999998,6159,0.37557131164965984,0.3752,0.053516191738286374,0.44360000000000005,0.46279999999999993,37632,0.001774656348474568,0.5787788347945035,0.7394967227403495,0.07010247280357793,50.26491004954874,0.118164521544488,0.3094959428310567
nsrdb,16273,nsrdb_16273_clean.npz,11.999830729166666,0.0,0.0,50,3,36,False,,56188,0.25,2.0,9.999830729166666,380,912.0154377613164,0.4,0.4066808742585369,0.40360000000000007,0.05850337039289957,0.33399999999999996,0.3656,0.44359999999999994,0.4835999999999999,0.5088,0.558,0.20400000000000001,0.6656,0.07799999999999996,1.0,0.999251856997809,0.5252676392525695,0.0641799818308128,0.4210828109696377,0.41999999999999993,0.059301604630777334,0.49960000000000004,0.5232,8168,0.4052391756556797,0.4024,0.05805382922648707,0.4808,0.5064,46631,-0.015843635313957993,0.5625061838329869,0.8275610922163886,0.05407491510036219,31.778424647698625,0.12463935886019593,0.3443289443313129
nsrdb,16420,nsrdb_16420_clean.npz,11.999867621527779,2.9392746000667103e-05,3.0,50,3,36,False,,60906,0.25,2.0,9.999867621527779,429,1029.6136298679298,0.4,0.3986563452026882,0.3928000000000001,0.06297112672119919,0.3244,0.3559999999999999,0.43440000000000006,0.4788,0.5104799999999989,0.5843999999999999,0.2064,0.7080000000000001,0.07840000000000014,1.0,0.9973215899567839,0.45266772926697013,0.06344381090096456,0.40046096706377016,0.39559999999999995,0.06447120133688494,0.4851600000000002,0.5156,8562,0.3978583607585018,0.3924,0.06227202482215518,0.4768,0.508,51048,-0.0026026063052683734,0.5568218115446041,0.8047981253518077,0.04671124554893179,25.04932015444441,0.12508418891170434,0.3381616006200216
nsrdb,16483,nsrdb_16483_clean.npz,11.999934895833333,9.584695362718776e-06,1.0,50,3,36,False,,63855,0.25,2.0,9.999934895833333,437,1048.8068281694543,0.4,0.37514463216625393,0.3756,0.054664801130696855,0.304,0.3376,0.41240000000000004,0.44420000000000004,0.4640000000000001,0.504,0.15839999999999999,0.6,0.07480000000000003,1.0,0.9909883083095634,0.329545810738802,0.011613327900197474,0.3827059133252329,0.38560000000000005,0.056227969786724084,0.448,0.46920000000000006,9876,0.3735311057500523,0.37320000000000003,0.0542866052437148,0.44320000000000004,0.4636,52643,-0.009174807575180632,0.5403773338555948,0.7490552010195358,0.044416377472866704,19.577823063860425,0.13308264786525656,0.32341840746689676
nsrdb,16539,nsrdb_16539_clean.npz,11.999945746527779,0.0,0.0,50,3,36,False,,58645,0.25,2.0,9.999945746527779,361,866.4047005463353,0.4,0.3695003276674176,0.36719999999999997,0.053239724356935886,0.304,0.3332,0.40280000000000005,0.43839999999999996,0.46080000000000004,0.5087999999999999,0.18560000000000001,0.612,0.06960000000000005,1.0,0.9925421530479897,0.2680217079664141,0.014028261314765512,0.4065063973063973,0.40320000000000006,0.058639898560470034,0.486,0.5084000000000001,7128,0.3639967215723721,0.36279999999999996,0.05028770997532744,0.4288,0.4496,50268,-0.0425096757340252,0.5719330678801668,0.7263687052366382,0.09582526360403973,61.87299654350903,0.12106655290102387,0.3084376527131467
nsrdb,16773,nsrdb_16773_clean.npz,11.999856770833333,0.0,0.0,50,3,36,False,,53465,0.25,2.0,9.999856770833333,185,444.0063594660861,0.4,0.3387763291897559,0.33760000000000007,0.05049828921995621,0.2744,0.30360000000000004,0.3724,0.4044,0.4232,0.46,0.17320000000000002,0.5887999999999999,0.06879999999999997,1.0,0.9645611801707353,0.11479706454994758,0.0016287254755129549,0.33716021930383777,0.3356,0.045083337099214124,0.3952,0.41359999999999997,7843,0.3387075899878668,0.3376,0.051384749956683295,0.40559999999999996,0.4244,44506,0.001547370684029048,0.5837362865907554,0.6488348528085578,0.08355813563930976,42.62039965542811,0.11860552175947589,0.2797695174535166
nsrdb,16786,nsrdb_16786_clean.npz,11.999967447916667,3.9364655094686896e-05,4.0,50,3,36,False,,55925,0.25,2.0,9.999967447916667,306,734.402390632782,0.4,0.3643263010952824,0.3616000000000001,0.05610598231776861,0.29440000000000005,0.3256,0.39999999999999997,0.4376,0.46080000000000004,0.5088,0.1768,0.622,0.07439999999999997,1.0,0.9866132149760183,0.2498031355143532,0.014281623595103444,0.3671951168831169,0.36279999999999996,0.055765572929963855,0.44480000000000003,0.46921999999999975,7700,0.36419831519086726,0.362,0.05628570097114758,0.4368,0.46,47127,-0.00299680169224964,0.5720160007950705,0.7148130541708843,0.050811513997161856,30.564797542596683,0.12160107334525941,0.30369465902002984
nsrdb,16795,nsrdb_16795_clean.npz,11.99980685763889,2.302264329046011e-05,2.0,50,3,36,False,,57071,0.25,2.0,9.99980685763889,421,1010.4195154810932,0.4,0.39758944968608606,0.3972,0.053177537505261385,0.33,0.36119999999999997,0.43320000000000003,0.4648000000000001,0.4864000000000001,0.5276000000000001,0.19999999999999998,0.6075999999999999,0.07200000000000006,1.0,0.9981936796324226,0.4803584581389639,0.03083020588544772,0.37489625360230555,0.374,0.053888601745343614,0.44239999999999996,0.46265999999999985,8328,0.40193429931430724,0.4012,0.05207369800018477,0.4684,0.4896,47689,0.02703804571200169,0.5763310438891324,0.794620449659064,0.06354225798730691,42.767529978729115,0.11949145111793073,0.3289304668981141
nsrdb,17052,nsrdb_17052_clean.npz,11.999793836805555,0.0003205311659257859,28.0,50,3,36,False,,51478,0.25,2.0,9.999793836805555,390,936.0192972728387,0.4,0.40566114060160613,0.4032,0.05443084754109143,0.33840000000000003,0.3696,0.43840000000000007,0.47400000000000003,0.4992000000000001,0.5570880000000005,0.1716,0.6304000000000001,0.06880000000000008,1.0,0.9986777887962045,0.5270956075366039,0.049271811623792024,0.4061088866484229,0.40320000000000006,0.05348944241266146,0.4716,0.5015599999999998,6943,0.4063802892390149,0.404,0.05464263282935873,0.47519999999999996,0.5,43286,0.0002714025905920514,0.568337652521326,0.8168615604882924,0.06212503487760857,43.83316657951639,0.12114674441205056,0.33927560841543936
nsrdb,17453,nsrdb_17453_clean.npz,11.999845920138888,1.986945790122263e-05,2.0,50,3,36,False,,62938,0.25,2.0,9.999845920138888,462,1108.81708463824,0.4,0.3756504126317798,0.3752,0.04866899785216701,0.314,0.342,0.40840000000000004,0.4376,0.45719999999999994,0.49360000000000004,0.17880000000000001,0.5696000000000001,0.06640000000000001,1.0,0.9966607832848352,0.30736694811493265,0.0069805530378921595,0.36541371003066137,0.364,0.04853175780799042,0.4268,0.448,9132,0.377459553123575,0.37720000000000004,0.04853691801358856,0.4388,0.4584,52632,0.012045843092913622,0.5870318848260024,0.7375895171550392,0.060700363486939315,28.599776091513736,0.11262321144674087,0.306368092838314
nsrdb,18177,nsrdb_18177_clean.npz,11.999874131944445,0.00024156672589015216,28.0,50,3,36,False,,68325,0.25,2.0,9.999874131944445,549,1317.616584583747,0.4,0.38511031694885467,0.3852,0.04856781740300765,0.3228,0.3528,0.41759999999999997,0.4468000000000001,0.46519999999999995,0.5004,0.1916,0.5612,0.06479999999999997,1.0,0.9976565703907669,0.377248227781358,0.010179272365106334,0.3750496943699732,0.37679999999999997,0.04833474826373799,0.43664000000000014,0.4544,9325,0.3865015861948754,0.38639999999999997,0.04833569106547095,0.44799999999999995,0.466,57370,0.011451891824902194,0.5691800878477306,0.7656877952100555,0.052366935463314036,26.454510425511675,0.12262079062957543,0.3211404126587353
nsrdb,18184,nsrdb_18184_clean.npz,11.999989149305556,4.887012255494483e-05,5.0,50,3,36,False,,60625,0.25,2.0,9.999989149305556,361,866.4009401051867,0.4,0.3616019545694665,0.3604,0.05089631922345229,0.2972,0.3272,0.39479999999999993,0.42680000000000007,0.4476,0.4880000000000001,0.1736,0.5944,0.06759999999999994,1.0,0.9891376122556789,0.21914619651347067,0.006025488642366614,0.3682488807255195,0.3668,0.051796293714342405,0.43439999999999995,0.45640000000000003,8711,0.36009466561139697,0.3588,0.050851807796676446,0.4252,0.44600000000000006,50540,-0.00815421511412251,0.5576182618261826,0.7083276301671838,0.05687390335290428,24.96748215925567,0.12601485148514854,0.30526350634021054
nsrdb,19088,nsrdb_19088_clean.npz,12.0,0.0013679052935913205,134.0,50,3,36,False,,63547,0.25,2.0,10.0,292,700.8,0.4,0.35122624334624714,0.3508,0.04702918520168093,0.2912,0.3192,0.38160000000000005,0.4119999999999999,0.42960000000000004,0.46640000000000004,0.16599999999999998,0.5608000000000001,0.062400000000000067,1.0,0.9871649500771678,0.14909130996251851,0.0018898233015213078,0.357441561423651,0.35600000000000004,0.045384850122352965,0.41600000000000004,0.43560000000000004,9581,0.349777926750748,0.34959999999999997,0.04711710722840582,0.4104,0.42800000000000005,52806,-0.007663634672903041,0.5720363079615048,0.6809639301606559,0.05891131594085879,26.339858422438194,0.11920472440944883,0.2915872833838173
nsrdb,19090,nsrdb_19090_clean.npz,11.999791666666667,0.00028258998645469546,23.0,50,3,36,False,,52014,0.25,2.0,9.999791666666667,328,787.2164003416738,0.4,0.37071581256615027,0.3684,0.05304823090555854,0.3044,0.3336,0.40520000000000006,0.44120000000000004,0.462,0.5004,0.186,0.5952,0.07160000000000005,1.0,0.9939767150966997,0.28317136534205717,0.010276147406908496,0.3642157431629013,0.36119999999999997,0.05361617969236923,0.4336,0.4544,8410,0.37170067025394127,0.3696,0.052904748790270385,0.442,0.46240000000000003,42372,0.0074849270910399834,0.5713083213083213,0.7268803929281029,0.050643886401478655,27.016383692712036,0.11672919672919677,0.3081591701618061
nsrdb,19093,nsrdb_19093_clean.npz,11.999776475694444,0.00017309100076090544,13.0,50,3,36,False,,46690,0.25,2.0,9.999776475694444,224,537.6120169352744,0.4,0.35956739349499367,0.35400000000000004,0.060381226543168055,0.2876000000000001,0.31840000000000007,0.39320000000000005,0.4392,0.4716000000000001,0.5302399999999994,0.18480000000000002,0.6188000000000001,0.07479999999999998,1.0,0.981175360734118,0.22145751591947,0.02624300508136618,0.3391942299766451,0.338,0.0494499673009107,0.40360000000000007,0.426,7279,0.36340811662111155,0.3576000000000001,0.06159774441163624,0.44600000000000006,0.47919999999999996,38415,0.024213886644466442,0.5815618673335715,0.7030919088992226,0.07934539755155562,41.1997293870332,0.11637727759914258,0.29784674513705706
nsrdb,19140,nsrdb_19140_clean.npz,11.999954427083333,0.000196697554201819,19.0,50,3,36,False,,61254,0.25,2.0,9.999954427083333,231,554.4025265740144,0.4,0.34487926803365737,0.344,0.04748820106932582,0.2852,0.31279999999999997,0.3752000000000001,0.406,0.4252000000000001,0.4636,0.17880000000000001,0.5424,0.06240000000000012,1.0,0.9803610816109795,0.1218201127358876,0.0010129891348746017,0.3414589429548715,0.34,0.04451123756447934,0.3992,0.4164,9063,0.34469989574112325,0.3436,0.047902087349603564,0.40640000000000004,0.42640000000000006,50835,0.0032409527862517495,0.5749398847602195,0.6680333265202403,0.06039824702026,29.264877325484303,0.12001633319722337,0.28736142346941546
nsrdb,19830,nsrdb_19830_clean.npz,11.99998046875,0.0009603863582015038,105.0,50,3,36,False,,70175,0.25,2.0,9.99998046875,500,1200.0023437545776,0.4,0.37684284288281095,0.3768,0.04924817783754365,0.3144,0.3436,0.41040000000000004,0.44,0.45680000000000004,0.4896,0.14120000000000002,0.5920000000000002,0.06680000000000003,0.9999857399537975,0.9938967002253087,0.3219490631149645,0.00564697829620968,0.38874678559407605,0.3888,0.04835137138744107,0.45000000000000007,0.46559999999999996,11884,0.37401920372230735,0.374,0.049221883469568656,0.4372,0.4544000000000001,56739,-0.014727581871768702,0.5140274807951215,0.7523829722583464,0.030763765690205905,13.787444122408221,0.13936564504632928,0.3322225338270868
