cohort,record_id,source_path,event_label,duration_stratum,event_hr,basal_start,basal_end,approach_start,approach_end,total_hours,L,m,K,skipped,skip_reason,n_symbols,n_S_basal,mean_S_basal,median_S_basal,std_S_basal,p10_S_basal,p90_S_basal,p95_S_basal,min_S_basal,max_S_basal,frac_S_ge_0p40_basal,frac_S_ge_0p50_basal,n_high_S_basal_samples,frac_high_S_basal,mean_S_approach,median_S_approach,std_S_approach,p90_S_approach,delta_mean_approach_minus_basal,mean_S_pre_event,mean_diversity_basal,mean_MI_bits_basal,mean_rr_cv_basal,mean_rmssd_basal,mean_max_joint_frac_basal
sddb,30,rr_30_clean.npz,SDDB,holter_analytic,7.909166666666667,0.5,3.5,4.909166666666667,7.909166666666667,23.99967384338379,50,3,36,False,,128805,12519,0.41194485182522567,0.4144,0.0603361693132599,0.3316,0.4884,0.512,0.22960000000000005,0.5927999999999999,0.5836728173176772,0.07316878344915728,7307,0.5836728173176772,0.4050304516718714,0.40520000000000006,0.04913853377924881,0.4676,-0.006914400153354261,0.398303749822317,0.5698438054668087,0.8391474891348107,0.053226396584861925,48.0248536029005,0.12172523961661343
sddb,31,rr_31_clean.npz,SDDB,holter_analytic,13.966329210069444,3.9663292100694445,6.9663292100694445,10.966329210069444,13.966329210069444,13.966328620910645,50,3,36,False,,63215,13480,0.42560946587537096,0.418,0.07493090510248307,0.3388,0.5264,0.5696000000000001,0.21640000000000004,0.7064000000000002,0.6109050445103857,0.14792284866468844,8235,0.6109050445103857,0.4119486703383163,0.41159999999999997,0.058406682275438104,0.4848,-0.013660795537054682,0.4240080044328347,0.5030909990108804,0.8900868287013379,0.08467583971010305,99.92310241809592,0.16989614243323442
sddb,32,rr_32_clean.npz,SDDB,holter_analytic,16.755,6.754999999999999,9.754999999999999,13.754999999999999,16.755,23.999834060668945,50,3,36,False,,127197,15165,0.3964324695021431,0.396,0.048466320522532844,0.33440000000000003,0.4592,0.47791999999999973,0.22400000000000003,0.5796000000000001,0.4702274975272008,0.019254863171777117,7131,0.4702274975272008,0.39855276832887027,0.398,0.04677944265478567,0.45919999999999994,0.0021202988267271516,0.40396816133876845,0.4860194957490473,0.7978566514900922,0.0182795062878695,16.030535075331073,0.1517150395778364
sddb,35,rr_35_clean.npz,SDDB,holter_analytic,23.999811197916667,6.0,16.0,20.999811197916667,23.999811197916667,23.99981117248535,50,3,36,False,,100739,43438,0.43413796215295364,0.43399999999999994,0.041627864552997815,0.38119999999999993,0.48640000000000005,0.5024000000000001,0.28600000000000003,0.5932000000000001,0.7955706984667802,0.0563561858280768,34558,0.7955706984667802,0.43884179104477616,0.43879999999999997,0.04067757502936413,0.4912000000000001,0.004703828891822526,0.4367088798180536,0.5775654798444854,0.8933979713372023,0.20884337728017385,222.17685303500116,0.11214088397790056
sddb,36,rr_36_clean.npz,SDDB,holter_analytic,18.98361111111111,8.98361111111111,11.98361111111111,15.98361111111111,18.98361111111111,20.324308395385742,50,3,36,False,,77321,10663,0.4416420894682548,0.4408000000000001,0.036647850382497786,0.39608000000000004,0.4896,0.5020000000000001,0.3016,0.5688,0.8804276470036575,0.05701960048766764,9388,0.8804276470036575,0.4461320092214932,0.4448,0.042230751897227685,0.502,0.004489919753238425,0.448596684929221,0.5755941213258287,0.9130379308211329,0.13557441383780303,189.3932337148302,0.11487804878048782
sddb,38,rr_38_clean.npz,SDDB,holter_analytic,8.031666666666666,0.5,3.5,5.031666666666666,8.031666666666666,18.302597045898438,50,3,36,False,,74428,18295,0.39759962831374696,0.3976,0.044809583852116565,0.3392,0.45520000000000005,0.47280000000000005,0.25239999999999996,0.5432,0.4785460508335611,0.012626400655916917,8755,0.4785460508335611,0.4297889811832514,0.42879999999999996,0.054226316047245524,0.49640000000000006,0.03218935286950442,0.4096094045047825,0.5867182756527018,0.7897182074280759,0.02843311180395867,24.108251003247112,0.1134754098360656
sddb,45,rr_45_clean.npz,SDDB,holter_analytic,18.154722222222222,8.154722222222222,11.154722222222222,15.154722222222222,18.154722222222222,23.811418533325195,50,3,36,False,,99135,11980,0.44390270450751257,0.44179999999999997,0.04999955247911074,0.3807999999999999,0.5088,0.5268,0.29200000000000004,0.6432000000000001,0.8082637729549249,0.1335559265442404,9683,0.8082637729549249,0.4437385692846423,0.4396,0.053111935447671045,0.5136000000000001,-0.00016413522287028748,0.44123131138534927,0.5689343350027823,0.923763571675542,0.04235200341812996,53.53812199538497,0.12454090150250419
sddb,47,rr_47_clean.npz,SDDB,holter_analytic,6.216944444444445,0.5,3.5,3.2169444444444446,6.216944444444445,23.597131729125977,50,3,36,False,,92810,10168,0.4040928796223446,0.4004,0.05110436934487459,0.34240000000000004,0.46640000000000004,0.49360000000000004,0.26,0.6428,0.5032454760031472,0.043764752163650666,5117,0.5032454760031472,0.43046066369890723,0.42719999999999997,0.060025170177524415,0.5088000000000001,0.02636778407656265,0.413826819997113,0.5895881131869333,0.8099080776757014,0.09941292650716788,120.28268392614949,0.11061946902654869
sddb,50,rr_50_clean.npz,SDDB,holter_analytic,11.761944444444444,1.7619444444444436,4.761944444444444,8.761944444444444,11.761944444444444,23.126861572265625,50,3,36,False,,64251,8103,0.4377146735776873,0.438,0.03830592600483244,0.38799999999999996,0.4872,0.5016,0.3112,0.6016000000000001,0.8428976922127607,0.05442428730099963,6830,0.8428976922127607,0.4368999500249875,0.4368,0.03813238630815968,0.48439999999999994,-0.000814723552699792,0.44034789509579014,0.5754897931223455,0.9036663976545869,0.21481290015573565,371.16364034847675,0.11107274969173861
sddb,51,rr_51_clean.npz,SDDB,holter_analytic,22.973055555555554,12.973055555555554,15.973055555555554,19.973055555555554,22.973055555555554,23.999605178833008,50,3,36,False,,77929,9281,0.4189383040620623,0.4196,0.04696040086409449,0.356,0.48079999999999995,0.4952000000000001,0.2632,0.5604,0.6548863269044284,0.03932765865747225,6078,0.6548863269044284,0.3941412754815784,0.39360000000000006,0.05108454801150523,0.4604,-0.024797028580483882,0.42564787657328457,0.5668281306063867,0.8542931013823131,0.05983537399410086,80.48640570182364,0.12415500538213134
sddb,44,rr_44_clean.npz,SDDB,holter_analytic,19.645833333333332,9.645833333333332,12.645833333333332,16.645833333333332,19.645833333333332,23.33289909362793,50,3,36,False,,118665,15731,0.44311710635051804,0.442,0.04198453449824055,0.39159999999999995,0.49440000000000006,0.514,0.2992,0.6616000000000001,0.8598944758756595,0.08085944949462844,13527,0.8598944758756595,0.5656568601665727,0.5980000000000002,0.09803550187286114,0.6728,0.12253975381605464,0.498675666197026,0.47617786254149896,0.9067853901569667,0.06680268693286699,85.84082385956108,0.15514303877940244
vfdb,418,vfdb_418_clean.npz,VFL,too_short,0.1106933339436849,0.0,0.03320800018310547,0.07748533376057942,0.1106933339436849,0.5833266973495483,50,3,36,False,,4291,171,0.5498152046783625,0.532,0.0800766095345498,0.4588000000000001,0.6664000000000001,0.6766000000000001,0.4248,0.7064000000000001,1.0,0.6608187134502924,171,1.0,0.5377132743362832,0.5408,0.04317649209708561,0.5893999999999999,-0.012101930342079292,0.5039583815028902,0.41666666666666674,1.2330825786352415,0.24019365691883887,208.7734361371774,0.22333333333333336
vfdb,419,vfdb_419_clean.npz,VFL,too_short,0.011334444681803385,0.0,0.0034003334045410154,0.00793411127726237,0.011334444681803385,0.5833255052566528,50,3,36,True,no_basal,,,,,,,,,,,,,,,,,,,,,,,,,
vfdb,420,vfdb_420_clean.npz,VT,short_15_60min,0.3972644382052951,0.0,0.13242147940176505,0.2648429588035301,0.3972644382052951,0.5832522511482239,50,3,36,False,,2973,494,0.42323319838056683,0.42880000000000007,0.039057261387587035,0.36360000000000003,0.4668,0.47788,0.3172,0.5104000000000001,0.7631578947368421,0.010121457489878543,377,0.7631578947368421,0.4701409961685824,0.4806,0.04401061224082489,0.5183200000000001,0.04690779778801557,0.4391230967741935,0.5883333333333334,0.8584048677010746,0.04761948295342897,49.95287964033072,0.10919999999999998
vfdb,421,vfdb_421_clean.npz,VT,too_short,0.24837554931640626,0.0,0.07451266479492187,0.17386288452148438,0.24837554931640626,0.5832855105400085,50,3,36,False,,4415,430,0.4229711627906977,0.42399999999999993,0.038311910905781885,0.37396000000000007,0.4701600000000001,0.498,0.34040000000000004,0.5276000000000001,0.713953488372093,0.04186046511627907,307,0.713953488372093,0.41199917525773194,0.41,0.041635452767501545,0.46728000000000003,-0.010971987532965743,0.4262504866969501,0.5813953488372093,0.8559339376671494,0.13799565082065082,95.97380118494203,0.1227906976744186
vfdb,422,vfdb_422_clean.npz,VT,short_15_60min,0.37023444281684026,0.0,0.12341148093894676,0.24682296187789352,0.37023444281684026,0.5825422406196594,50,3,36,False,,3973,710,0.4826354929577465,0.46240000000000003,0.08131656645288568,0.3956000000000001,0.6201200000000001,0.6616,0.3216,0.6784,0.8859154929577465,0.31971830985915495,629,0.8859154929577465,0.4405832898172324,0.44120000000000004,0.035802913262113004,0.4858,-0.04205220314051411,0.46006555605583066,0.5140845070422536,1.0496647000958332,0.12425770889888489,120.340065835117,0.1425352112676056
vfdb,423,vfdb_423_clean.npz,VT,too_short,0.24957222832573786,0.0,0.07487166849772135,0.1747005598280165,0.24957222832573786,0.48622000217437744,50,3,36,False,,2860,279,0.4145362007168459,0.4164,0.03156082733586982,0.37839999999999996,0.44808000000000003,0.47404,0.3108,0.5024000000000002,0.6953405017921147,0.010752688172043012,194,0.6953405017921147,0.40045165165165175,0.4056,0.04435230751558177,0.45183999999999996,-0.01408454906519413,0.41224848484848486,0.5902777777777778,0.8140234153755175,0.019674648260286497,14.746156700093568,0.11428571428571431
vfdb,424,vfdb_424_clean.npz,VFIB,short_15_60min,0.3497211032443576,0.0,0.11657370108145254,0.23314740216290508,0.3497211032443576,0.5809099674224854,50,3,36,False,,3894,860,0.4493632558139535,0.4474,0.035933006768793886,0.40712,0.49600000000000005,0.5104599999999999,0.35760000000000003,0.5795999999999999,0.9325581395348838,0.08372093023255814,802,0.9325581395348838,0.4362600461893764,0.438,0.03335450008934833,0.48040000000000005,-0.013103209624577061,0.4451936194454994,0.5662144702842379,0.9465396057987822,0.2170450794952945,134.66133887748632,0.11511627906976743
vfdb,425,vfdb_425_clean.npz,VT,short_15_60min,0.25822555541992187,0.0,0.08607518513997396,0.17215037027994792,0.25822555541992187,0.5832855105400085,50,3,36,False,,2058,193,0.4226176165803109,0.42880000000000007,0.03222614232640311,0.37751999999999997,0.45552000000000004,0.4636,0.33880000000000005,0.5032000000000001,0.772020725388601,0.010362694300518135,149,0.772020725388601,0.4523900826446281,0.45200000000000007,0.05894743898426027,0.53744,0.029772466064317216,0.431339104477612,0.5777777777777778,0.8708778272347825,0.16810221304321643,229.25347908756854,0.09800000000000002
vfdb,426,vfdb_426_clean.npz,VF,too_short,0.179368896484375,0.0,0.0538106689453125,0.1255582275390625,0.179368896484375,0.5832611322402954,50,3,36,False,,3701,168,0.45366904761904764,0.4566,0.04763825987433709,0.39028000000000007,0.51796,0.52332,0.3480000000000001,0.5424,0.8214285714285714,0.19047619047619047,138,0.8214285714285714,0.3958051724137931,0.3914000000000001,0.03565671539214571,0.4479200000000001,-0.057863875205254545,0.4309335285505125,0.5490196078431373,0.9511939644367909,0.02212692935427627,26.29086096133901,0.1223529411764706
vfdb,427,vfdb_427_clean.npz,VT,too_short,0.18013776991102431,0.0,0.054041330973307294,0.12609643893771702,0.18013776991102431,0.5832777619361877,50,3,36,False,,4241,188,0.4382468085106383,0.4404,0.03673199574064812,0.3882,0.4824,0.4929,0.3424,0.5144,0.8617021276595744,0.02127659574468085,162,0.8617021276595744,0.42394403292181077,0.42160000000000003,0.03878863049065383,0.4772,-0.014302775588827532,0.42407553191489367,0.5701754385964911,0.894430059318441,0.07727171485920172,102.30525346296838,0.1242105263157895
vfdb,428,vfdb_428_clean.npz,VT,short_15_60min,0.4687388780381944,0.0,0.15624629267939813,0.31249258535879626,0.4687388780381944,0.5833077430725098,50,3,36,False,,3272,765,0.4687388235294118,0.476,0.044833678064731604,0.4048,0.5207999999999999,0.5324,0.3528,0.5831999999999999,0.9137254901960784,0.2901960784313726,699,0.9137254901960784,0.4153847619047619,0.41080000000000005,0.045363754738677986,0.48164,-0.053354061624649896,0.44075159552424364,0.47258297258297244,0.9865850925332513,0.06706352629625188,68.2188068070415,0.15636363636363637
vfdb,429,vfdb_429_clean.npz,VT,too_short,0.11181555853949653,0.0,0.033544667561848956,0.07827089097764757,0.11181555853949653,0.5833211541175842,50,3,36,False,,3609,147,0.48913469387755104,0.488,0.029329116857733515,0.45152,0.52752,0.53776,0.4232,0.5548,1.0,0.38095238095238093,147,1.0,0.36887474747474747,0.3722,0.026816338843634772,0.39880000000000004,-0.12025994640280357,0.401631475409836,0.5370370370370369,1.0661496737249354,0.15208961836061785,154.79286914769062,0.14800000000000008
vfdb,430,vfdb_430_clean.npz,VT,too_short,0.05766999986436632,0.0,0.017300999959309896,0.04036899990505642,0.05766999986436632,0.583258867263794,50,3,36,False,,4845,64,0.65066875,0.6560000000000001,0.0272284827604753,0.6023200000000001,0.6792000000000001,0.67954,0.5880000000000001,0.6796,1.0,1.0,64,1.0,0.5393168141592921,0.53,0.03200812646441406,0.5904,-0.1113519358407079,0.5857799392097265,0.33333333333333337,1.6163547139905432,0.2574282799458437,223.2023042890314,0.21428571428571427
vfdb,602,vfdb_602_clean.npz,VT,too_short,0.134750001695421,0.0,0.0404250005086263,0.0943250011867947,0.134750001695421,0.5832266807556152,50,3,36,False,,2963,130,0.48893230769230767,0.4984,0.0313283902097777,0.44768,0.5236400000000001,0.528,0.3807999999999999,0.5436,0.9923076923076923,0.4307692307692308,129,0.9923076923076923,0.4706525139664805,0.45960000000000006,0.038457587926168324,0.52336,-0.018279793725827165,0.45040650994575043,0.47008547008547014,1.0568608219966331,0.2103994015969376,238.5925447395546,0.1492307692307692
vfdb,605,vfdb_605_clean.npz,VT,short_15_60min,0.45771331787109376,0.0,0.15257110595703124,0.3051422119140625,0.45771331787109376,0.5831544399261475,50,3,36,False,,1881,381,0.4358992125984252,0.43239999999999995,0.040305248994304196,0.38239999999999996,0.49279999999999996,0.5036,0.3428,0.528,0.7979002624671916,0.06299212598425197,304,0.7979002624671916,0.422988679245283,0.42100000000000004,0.03956584032845904,0.47959999999999997,-0.012910533353142184,0.43235642915642913,0.5797720797720799,0.8984573184939149,0.13655640755654627,196.7035760469198,0.11487179487179486
vfdb,607,vfdb_607_clean.npz,VT,too_short,0.037178887261284724,0.0,0.011153666178385417,0.026025221082899307,0.037178887261284724,0.5831300020217896,50,3,36,False,,1856,50,0.4456160000000001,0.4364,0.03663431921027058,0.40368000000000004,0.4992000000000001,0.50092,0.39280000000000004,0.5168,0.92,0.06,46,0.92,0.46645000000000003,0.4726000000000001,0.02900874868035505,0.49956,0.020833999999999908,0.4456160000000001,0.5434315531000614,0.9525632202479384,0.16877703998457538,188.6041287989026,0.12994475138121547
vfdb,609,vfdb_609_clean.npz,VFL,short_15_60min,0.28363888210720484,0.0,0.09454629403573495,0.1890925880714699,0.28363888210720484,0.5829211473464966,50,3,36,False,,2196,315,0.46606730158730153,0.4676,0.03537435952446613,0.4216,0.50944,0.5274400000000001,0.3768000000000001,0.5772,0.9714285714285714,0.13333333333333333,306,0.9714285714285714,0.4467820728291316,0.44600000000000006,0.028448219473661034,0.48119999999999996,-0.019285228758169903,0.4510574488802337,0.5512152777777778,0.9844429003151213,0.13108973865136764,172.12555741031906,0.12937500000000002
vfdb,610,vfdb_610_clean.npz,VT,short_15_60min,0.5109611002604166,0.0,0.1703203667534722,0.3406407335069444,0.5109611002604166,0.5830910801887512,50,3,36,False,,2115,572,0.4648125874125874,0.45720000000000005,0.04248565511449828,0.4164,0.52356,0.5433399999999999,0.35760000000000003,0.5700000000000001,0.9475524475524476,0.23251748251748253,542,0.9475524475524476,0.4750991922455574,0.4696000000000001,0.047609783507339194,0.5488,0.010286604832970003,0.4695176405119643,0.5459770114942529,0.9896456163317188,0.4080355498749918,495.5394563239051,0.15172413793103445
vfdb,611,vfdb_611_clean.npz,VT,short_15_60min,0.3322855631510417,0.0,0.11076185438368057,0.22152370876736113,0.3322855631510417,0.583246648311615,50,3,36,False,,4121,572,0.38588181818181816,0.38480000000000003,0.03751486071301068,0.33524000000000004,0.4372,0.4509399999999999,0.3011999999999999,0.4688,0.3548951048951049,0.0,203,0.3548951048951049,0.4853658692185007,0.4984000000000001,0.08826541413655413,0.5904,0.09948405103668256,0.41785008219178077,0.58860153256705,0.7555573617036238,0.0390483197416173,29.092104854451577,0.11482758620689654
vfdb,612,vfdb_612_clean.npz,VT,short_15_60min,0.4742733425564236,0.0,0.15809111418547453,0.31618222837094906,0.4742733425564236,0.5832744836807251,50,3,36,False,,2456,424,0.43512735849056605,0.4374,0.05412083969460234,0.36355999999999994,0.5004000000000001,0.52034,0.31800000000000006,0.5544000000000001,0.6933962264150944,0.10849056603773585,294,0.6933962264150944,0.45000862745098036,0.4488,0.06472542492289597,0.534,0.014881268960414307,0.4443100558659218,0.5762273901808785,0.9048440622719922,0.15785392378794857,248.95535043717646,0.12046511627906976
vfdb,614,vfdb_614_clean.npz,VT,short_15_60min,0.3954910956488715,0.0,0.13183036521629052,0.26366073043258104,0.3954910956488715,0.5832656025886536,50,3,36,False,,3474,384,0.43093333333333333,0.43220000000000003,0.0403744934608748,0.37492,0.48068,0.49027999999999994,0.3360000000000001,0.5104,0.75,0.0234375,288,0.75,0.44475073313783,0.43920000000000003,0.0704907766749431,0.5311199999999999,0.013817399804496644,0.4460292237442922,0.5690883190883192,0.891673643320891,0.16779383362067163,259.41043715630775,0.11538461538461539
vfdb,615,vfdb_615_clean.npz,VT,too_short,0.09078999837239583,0.0,0.02723699951171875,0.06355299886067708,0.09078999837239583,0.5829344391822815,50,3,36,False,,1586,62,0.4688709677419355,0.4724,0.03666908862180513,0.42283999999999994,0.5097600000000001,0.5241399999999999,0.40800000000000003,0.5471999999999999,1.0,0.27419354838709675,62,1.0,0.42874366197183095,0.4284,0.02110985840315444,0.4524,-0.04012730577010454,0.4435191489361702,0.5609668109668109,0.9415188302132357,0.27287608996449586,464.9859619347605,0.11870129870129871
