proxy_id,cohort,record_id,source_path,total_hours_used,L,m,high_abs,proxy_desc,skipped,skip_reason,n_symbols,basal_start,basal_end,search_hours,n_episodes_S_ge_high_abs,episode_rate_per_24h,mean_S,median_S,std_S,p10_S,p90_S,p95_S,min_S,max_S,frac_S_ge_0p40,frac_S_ge_0p50,n_S,mean_S_basal,mean_S_search,p90_S_basal,p90_S_search,corr_S_MI,mean_MI_bits
P2-5,nsrdb,16265,nsrdb_16265_clean.npz,12.0,50,3,0.4,"[z(RR_t), z(|ΔRR|_{t-5})] lagged |ΔRR| (ℓ=5)",False,,61579,0.25,2.0,10.0,4,9.600000000000001,0.2681124849666829,0.266,0.040950597142049155,0.2172,0.32160000000000005,0.33879999999999993,0.1324,0.4444,0.0017064846416382253,0.0,61530,0.2664698631660919,0.26841425246895473,0.32000000000000006,0.3224,0.9328334972927634,0.4304892346233593
P2-5,nsrdb,16272,nsrdb_16272_clean.npz,12.0,50,3,0.4,"[z(RR_t), z(|ΔRR|_{t-5})] lagged |ΔRR| (ℓ=5)",False,,44722,0.25,2.0,10.0,7,16.799999999999997,0.27248644147471623,0.2712,0.04369319020938605,0.2172,0.3296,0.3465600000000006,0.1252,0.4572,0.002999574687171222,0.0,44673,0.27573904854684206,0.2717767963435374,0.3284,0.3296,0.9452549050757284,0.43967627628514494
P2-5,nsrdb,16273,nsrdb_16273_clean.npz,12.0,50,3,0.4,"[z(RR_t), z(|ΔRR|_{t-5})] lagged |ΔRR| (ℓ=5)",False,,56188,0.25,2.0,10.0,32,76.80000000000001,0.28153665010064305,0.2780000000000001,0.04819086608802623,0.2228,0.34440000000000004,0.3656,0.11359999999999999,0.5184000000000001,0.01544380911665687,0.00012469050036516505,56139,0.27914182174338886,0.2824337629473955,0.33999999999999997,0.34600000000000003,0.9536116252076474,0.4587248882608545
P2-5,nsrdb,16420,nsrdb_16420_clean.npz,12.0,50,3,0.4,"[z(RR_t), z(|ΔRR|_{t-5})] lagged |ΔRR| (ℓ=5)",False,,60906,0.25,2.0,10.0,72,172.8,0.2850424831983174,0.27879999999999994,0.05750382471291528,0.21999999999999997,0.3556,0.3876,0.1312,0.6308,0.03886159357181589,0.005751187209359646,60857,0.27684059799112354,0.2861048503369378,0.3440000000000001,0.3572000000000001,0.9629535950851411,0.4731054637443679
P2-5,nsrdb,16483,nsrdb_16483_clean.npz,12.0,50,3,0.4,"[z(RR_t), z(|ΔRR|_{t-5})] lagged |ΔRR| (ℓ=5)",False,,63855,0.25,2.0,10.0,4,9.600000000000001,0.25910455443061775,0.2572,0.0428294072258635,0.20560000000000003,0.31520000000000004,0.33279999999999993,0.1152,0.448,0.0012851455975927029,0.0,63806,0.2665778452814905,0.25795587637482664,0.3223999999999999,0.31439999999999996,0.9290598718999118,0.41462942619267057
P2-5,nsrdb,16539,nsrdb_16539_clean.npz,12.0,50,3,0.4,"[z(RR_t), z(|ΔRR|_{t-5})] lagged |ΔRR| (ℓ=5)",False,,58645,0.25,2.0,10.0,7,16.799999999999997,0.2699689398593761,0.2676,0.04292504901094132,0.21680000000000002,0.32639999999999997,0.344,0.1196,0.4636,0.00392518260632125,0.0,58596,0.28875617283950616,0.2672226545714968,0.3512,0.3216,0.93991163072004,0.4347619459875151
P2-5,nsrdb,16773,nsrdb_16773_clean.npz,12.0,50,3,0.4,"[z(RR_t), z(|ΔRR|_{t-5})] lagged |ΔRR| (ℓ=5)",False,,53465,0.25,2.0,10.0,4,9.600000000000001,0.26517949677999103,0.2636,0.04382019778457036,0.2096,0.3232,0.34040000000000004,0.11880000000000002,0.47120000000000006,0.0018908192301932006,0.0,53416,0.2654707637383654,0.26505501280726196,0.3216,0.32320000000000004,0.9389637958745043,0.4244252159720179
P2-5,nsrdb,16786,nsrdb_16786_clean.npz,12.0,50,3,0.4,"[z(RR_t), z(|ΔRR|_{t-5})] lagged |ΔRR| (ℓ=5)",False,,55925,0.25,2.0,10.0,25,60.0,0.27496056267449354,0.27240000000000003,0.04737556066020396,0.2164,0.3360000000000001,0.3572000000000001,0.11800000000000001,0.5492,0.009896914596606772,0.0004295225141384494,55876,0.27634083116883124,0.27489375517219433,0.3360000000000001,0.33640000000000003,0.9477199037809726,0.4470884263227952
P2-5,nsrdb,16795,nsrdb_16795_clean.npz,12.0,50,3,0.4,"[z(RR_t), z(|ΔRR|_{t-5})] lagged |ΔRR| (ℓ=5)",False,,57071,0.25,2.0,10.0,11,26.400000000000002,0.2751240573813616,0.2732,0.04273374559804732,0.22160000000000005,0.33080000000000004,0.34880000000000005,0.13040000000000002,0.46240000000000003,0.004507032373469889,0.0,57022,0.2708775216138329,0.27582754933003417,0.3244,0.3316,0.9474204162302058,0.4421902630008262
P2-5,nsrdb,17052,nsrdb_17052_clean.npz,12.0,50,3,0.4,"[z(RR_t), z(|ΔRR|_{t-5})] lagged |ΔRR| (ℓ=5)",False,,51478,0.25,2.0,10.0,33,79.19999999999999,0.27780203387193997,0.27479999999999993,0.04781209937523541,0.2208,0.3372,0.3588,0.11040000000000001,0.5652,0.01693596997802796,0.0004666627778101849,51429,0.27523243554659366,0.27879683038395786,0.3268,0.33959999999999996,0.9546817950574624,0.4496564320112339
P2-5,nsrdb,17453,nsrdb_17453_clean.npz,12.0,50,3,0.4,"[z(RR_t), z(|ΔRR|_{t-5})] lagged |ΔRR| (ℓ=5)",False,,62938,0.25,2.0,10.0,9,21.6,0.2731630141996216,0.272,0.0413740931249812,0.2208,0.3267999999999999,0.3436,0.12360000000000002,0.4648,0.0027667795639937033,0.0,62889,0.2736295663600526,0.2729472032223742,0.32839999999999997,0.32600000000000007,0.9465886157973953,0.437149786876015
P2-5,nsrdb,18177,nsrdb_18177_clean.npz,12.0,50,3,0.4,"[z(RR_t), z(|ΔRR|_{t-5})] lagged |ΔRR| (ℓ=5)",False,,68325,0.25,2.0,10.0,12,28.799999999999997,0.2696369207334935,0.268,0.04132821334327379,0.21800000000000003,0.32320000000000004,0.3403999999999999,0.11639999999999999,0.4504,0.0029732263167145116,0.0,68276,0.2679444504021448,0.27040628900122016,0.31824000000000013,0.3244,0.9347926108318634,0.4332012001814
P2-5,nsrdb,18184,nsrdb_18184_clean.npz,12.0,50,3,0.4,"[z(RR_t), z(|ΔRR|_{t-5})] lagged |ΔRR| (ℓ=5)",False,,60625,0.25,2.0,10.0,7,16.799999999999997,0.26035456946645535,0.2588,0.041435006821120536,0.20840000000000003,0.314,0.3304,0.1144,0.46240000000000003,0.0016178024300052827,0.0,60576,0.26343055906325336,0.25989213296398894,0.31640000000000007,0.31360000000000005,0.9315742970762078,0.4172520675953745
P2-5,nsrdb,19088,nsrdb_19088_clean.npz,12.0,50,3,0.4,"[z(RR_t), z(|ΔRR|_{t-5})] lagged |ΔRR| (ℓ=5)",False,,63547,0.25,2.0,10.0,6,14.399999999999999,0.2652754354467858,0.2636,0.04201990288240835,0.21280000000000002,0.32000000000000006,0.33719999999999994,0.10000000000000002,0.47079999999999994,0.0020788056316734384,0.0,63498,0.266207160004175,0.2649084422224747,0.3192,0.32000000000000006,0.9318440750735604,0.4271277097337514
P2-5,nsrdb,19090,nsrdb_19090_clean.npz,12.0,50,3,0.4,"[z(RR_t), z(|ΔRR|_{t-5})] lagged |ΔRR| (ℓ=5)",False,,52014,0.25,2.0,10.0,17,40.8,0.27235267583950734,0.27040000000000003,0.044610781648869294,0.21639999999999998,0.32960000000000006,0.3492,0.10920000000000002,0.4888,0.005580679303377273,0.0,51965,0.267079239001189,0.27382994430284147,0.3224,0.3316000000000001,0.9420111649331442,0.4418996357806469
P2-5,nsrdb,19093,nsrdb_19093_clean.npz,12.0,50,3,0.4,"[z(RR_t), z(|ΔRR|_{t-5})] lagged |ΔRR| (ℓ=5)",False,,46690,0.25,2.0,10.0,25,60.0,0.2730404408138762,0.26960000000000006,0.047662301049908574,0.21480000000000005,0.3344,0.35680000000000006,0.12079999999999999,0.5672,0.011556355995797688,0.0004288072725713428,46641,0.2677870586619041,0.27408621632174934,0.3304,0.33520000000000005,0.9522254844059191,0.4404228067863051
P2-5,nsrdb,19140,nsrdb_19140_clean.npz,12.0,50,3,0.4,"[z(RR_t), z(|ΔRR|_{t-5})] lagged |ΔRR| (ℓ=5)",False,,61254,0.25,2.0,10.0,8,19.200000000000003,0.2658416992075811,0.2644,0.042294445484808665,0.2128,0.3208,0.3372,0.11760000000000002,0.4724,0.0027938893881218857,0.0,61205,0.26215231159660163,0.2662293459230845,0.31520000000000004,0.3212,0.9301212943507826,0.4293476319720737
P2-5,nsrdb,19830,nsrdb_19830_clean.npz,12.0,50,3,0.4,"[z(RR_t), z(|ΔRR|_{t-5})] lagged |ΔRR| (ℓ=5)",False,,70175,0.25,2.0,10.0,2,4.800000000000001,0.25376154350740093,0.252,0.04303635604759191,0.19980000000000003,0.30960000000000004,0.32760000000000006,0.10480000000000003,0.43720000000000003,0.0008556027721529818,0.0,70126,0.24738808481992594,0.2555236997479688,0.30400000000000005,0.31120000000000003,0.9238692280930356,0.40903819171892564
P2-10,nsrdb,16265,nsrdb_16265_clean.npz,12.0,50,3,0.4,"[z(RR_t), z(|ΔRR|_{t-10})] lagged |ΔRR| (ℓ=10)",False,,61579,0.25,2.0,10.0,9,21.6,0.2663950528197627,0.26480000000000004,0.041325313521983174,0.21519999999999997,0.3196,0.3364,0.12240000000000001,0.45600000000000007,0.0022428083861530963,0.0,61530,0.2673992212704417,0.26640765815977313,0.31880000000000003,0.31999999999999995,0.9343956742577276,0.42734545207365415
P2-10,nsrdb,16272,nsrdb_16272_clean.npz,12.0,50,3,0.4,"[z(RR_t), z(|ΔRR|_{t-10})] lagged |ΔRR| (ℓ=10)",False,,44722,0.25,2.0,10.0,9,21.6,0.27152241398607657,0.2692,0.04312413784788984,0.21839999999999998,0.328,0.3456,0.1272,0.47200000000000003,0.005260448145412218,0.0,44673,0.2711566812794285,0.2716910820578231,0.32839999999999997,0.3283999999999999,0.9417496333489376,0.43693870791725337
P2-10,nsrdb,16273,nsrdb_16273_clean.npz,12.0,50,3,0.4,"[z(RR_t), z(|ΔRR|_{t-10})] lagged |ΔRR| (ℓ=10)",False,,56188,0.25,2.0,10.0,24,57.599999999999994,0.27665236644756763,0.274,0.04526925719045736,0.22080000000000002,0.336,0.35440000000000005,0.11080000000000004,0.488,0.006929229234578457,0.0,56139,0.27671836434867775,0.27711090047393366,0.33000000000000007,0.3376,0.9498561791680878,0.4464107666476846
P2-10,nsrdb,16420,nsrdb_16420_clean.npz,12.0,50,3,0.4,"[z(RR_t), z(|ΔRR|_{t-10})] lagged |ΔRR| (ℓ=10)",False,,60906,0.25,2.0,10.0,43,103.19999999999999,0.27931186223441845,0.27440000000000003,0.052368344898818336,0.2188,0.34359999999999996,0.36879999999999996,0.10560000000000001,0.5928000000000001,0.02353057166800861,0.0029577534219563896,60857,0.2757436113057697,0.2795880974768845,0.3368,0.34440000000000004,0.9590496226652784,0.45611167126106067
P2-10,nsrdb,16483,nsrdb_16483_clean.npz,12.0,50,3,0.4,"[z(RR_t), z(|ΔRR|_{t-10})] lagged |ΔRR| (ℓ=10)",False,,63855,0.25,2.0,10.0,1,2.4000000000000004,0.2600981098956211,0.2592,0.04213407697419113,0.20640000000000003,0.3148,0.3304,0.10360000000000003,0.4388000000000001,0.00036046766761746544,0.0,63806,0.2679358039692183,0.2588242007484376,0.3208,0.31360000000000005,0.9246785935945965,0.4199262697702948
P2-10,nsrdb,16539,nsrdb_16539_clean.npz,12.0,50,3,0.4,"[z(RR_t), z(|ΔRR|_{t-10})] lagged |ΔRR| (ℓ=10)",False,,58645,0.25,2.0,10.0,9,21.6,0.2682800054611236,0.266,0.042945598190725964,0.21519999999999997,0.324,0.34080000000000005,0.12560000000000002,0.4856,0.004181172776298724,0.0,58596,0.2810246913580247,0.2664599586217872,0.3433200000000001,0.3208000000000001,0.9401011927527109,0.429825388196747
P2-10,nsrdb,16773,nsrdb_16773_clean.npz,12.0,50,3,0.4,"[z(RR_t), z(|ΔRR|_{t-10})] lagged |ΔRR| (ℓ=10)",False,,53465,0.25,2.0,10.0,8,19.200000000000003,0.2635813913434177,0.2616,0.04309081477285607,0.2104,0.3196,0.33760000000000007,0.11240000000000003,0.44960000000000006,0.002377564774599371,0.0,53416,0.264466964171873,0.2631718689614883,0.32280000000000003,0.3188,0.9326149704604962,0.4210346861159841
P2-10,nsrdb,16786,nsrdb_16786_clean.npz,12.0,50,3,0.4,"[z(RR_t), z(|ΔRR|_{t-10})] lagged |ΔRR| (ℓ=10)",False,,55925,0.25,2.0,10.0,12,28.799999999999997,0.26985593814875797,0.2672,0.045411171422206714,0.21400000000000002,0.3288,0.3480000000000001,0.11719999999999998,0.5287999999999999,0.005744863626601761,0.00014317417137948315,55876,0.2742332987012987,0.2692093534491905,0.3336400000000002,0.328,0.9463188762234658,0.43584062492235576
P2-10,nsrdb,16795,nsrdb_16795_clean.npz,12.0,50,3,0.4,"[z(RR_t), z(|ΔRR|_{t-10})] lagged |ΔRR| (ℓ=10)",False,,57071,0.25,2.0,10.0,5,12.0,0.2714539581214268,0.2696,0.041375690975302165,0.22,0.32520000000000004,0.34159999999999996,0.12200000000000004,0.516,0.002630563642103048,1.7537090947353654e-05,57022,0.2661834774255523,0.2725135020654658,0.3203999999999999,0.3263999999999999,0.9416620394485885,0.4347909315591927
P2-10,nsrdb,17052,nsrdb_17052_clean.npz,12.0,50,3,0.4,"[z(RR_t), z(|ΔRR|_{t-10})] lagged |ΔRR| (ℓ=10)",False,,51478,0.25,2.0,10.0,25,60.0,0.27651560014777654,0.2732,0.04628137601552992,0.2204,0.336,0.35680000000000006,0.12359999999999996,0.5096,0.011238795232261954,9.722141204378853e-05,51429,0.27815900907388735,0.2770455574550663,0.33880000000000005,0.336,0.9504824619658453,0.4448370168949356
P2-10,nsrdb,17453,nsrdb_17453_clean.npz,12.0,50,3,0.4,"[z(RR_t), z(|ΔRR|_{t-10})] lagged |ΔRR| (ℓ=10)",False,,62938,0.25,2.0,10.0,14,33.599999999999994,0.27256916153858385,0.27159999999999995,0.04248331169620684,0.21840000000000004,0.32759999999999995,0.3444,0.1268,0.45520000000000005,0.002862185755855555,0.0,62889,0.26896141042487953,0.2734284541723666,0.3272,0.32799999999999996,0.9440695307244686,0.43625438946573475
P2-10,nsrdb,18177,nsrdb_18177_clean.npz,12.0,50,3,0.4,"[z(RR_t), z(|ΔRR|_{t-10})] lagged |ΔRR| (ℓ=10)",False,,68325,0.25,2.0,10.0,7,16.799999999999997,0.26882396742632847,0.2672,0.041719372870413114,0.2164,0.32320000000000004,0.33959999999999996,0.1212,0.43840000000000007,0.0014646435057706954,0.0,68276,0.26675920643431633,0.26916368833885307,0.3216,0.32360000000000005,0.9349432698506865,0.430257911499314
P2-10,nsrdb,18184,nsrdb_18184_clean.npz,12.0,50,3,0.4,"[z(RR_t), z(|ΔRR|_{t-10})] lagged |ΔRR| (ℓ=10)",False,,60625,0.25,2.0,10.0,3,7.199999999999999,0.2626014791336503,0.2612,0.04178200669415736,0.21000000000000002,0.31720000000000004,0.3336,0.10120000000000003,0.4612,0.0013371632329635499,0.0,60576,0.2620560670416715,0.26260299960427386,0.3152,0.3176,0.9232747777935908,0.4234247410512262
P2-10,nsrdb,19088,nsrdb_19088_clean.npz,12.0,50,3,0.4,"[z(RR_t), z(|ΔRR|_{t-10})] lagged |ΔRR| (ℓ=10)",False,,63547,0.25,2.0,10.0,4,9.600000000000001,0.26608446880216696,0.264,0.04289000464438935,0.21279999999999996,0.32239999999999996,0.3396,0.11200000000000006,0.4972,0.0024882673470030554,0.0,63498,0.2673872873395261,0.2656725372116805,0.3224,0.32200000000000006,0.9328443811278323,0.42790251608114155
P2-10,nsrdb,19090,nsrdb_19090_clean.npz,12.0,50,3,0.4,"[z(RR_t), z(|ΔRR|_{t-10})] lagged |ΔRR| (ℓ=10)",False,,52014,0.25,2.0,10.0,10,24.0,0.2711492196670836,0.26919999999999994,0.04432907779643788,0.21600000000000003,0.32903999999999944,0.348,0.12400000000000003,0.5048,0.004464543442701818,1.9243721735783702e-05,51965,0.2646702972651605,0.2725864721986217,0.3208,0.3308,0.9440209910625221,0.4402627929389334
P2-10,nsrdb,19093,nsrdb_19093_clean.npz,12.0,50,3,0.4,"[z(RR_t), z(|ΔRR|_{t-10})] lagged |ΔRR| (ℓ=10)",False,,46690,0.25,2.0,10.0,12,28.799999999999997,0.27081090028086874,0.26880000000000004,0.04466836647874376,0.21600000000000003,0.32720000000000005,0.346,0.11760000000000001,0.5712,0.005938980725113098,0.0006860916361141484,46641,0.2625739249896964,0.27266225172458675,0.3164,0.3292,0.943389830116585,0.4367094664790315
P2-10,nsrdb,19140,nsrdb_19140_clean.npz,12.0,50,3,0.4,"[z(RR_t), z(|ΔRR|_{t-10})] lagged |ΔRR| (ℓ=10)",False,,61254,0.25,2.0,10.0,6,14.399999999999999,0.26442492606813167,0.2624,0.041938446297906294,0.212,0.31920000000000004,0.3372,0.11720000000000003,0.4563999999999999,0.00148680663344498,0.0,61205,0.2616714995034757,0.26516171928789223,0.31600000000000006,0.32039999999999996,0.9358314975263007,0.42368063406445833
P2-10,nsrdb,19830,nsrdb_19830_clean.npz,12.0,50,3,0.4,"[z(RR_t), z(|ΔRR|_{t-10})] lagged |ΔRR| (ℓ=10)",False,,70175,0.25,2.0,10.0,3,7.199999999999999,0.2529665060034794,0.2516,0.04260706528194533,0.19920000000000004,0.3084,0.326,0.1048,0.44480000000000003,0.0007130023101274848,0.0,70126,0.24880454392460452,0.2539037275947761,0.3048,0.3091999999999999,0.9194203763824058,0.40751668278557746
P2-20,nsrdb,16265,nsrdb_16265_clean.npz,12.0,50,3,0.4,"[z(RR_t), z(|ΔRR|_{t-20})] lagged |ΔRR| (ℓ=20)",False,,61579,0.25,2.0,10.0,8,19.200000000000003,0.2649213976921827,0.2624,0.0420702963387341,0.2132,0.3204399999999995,0.338,0.1212,0.4656,0.002405330732975784,0.0,61530,0.2654391812214929,0.2648327134056908,0.31960000000000005,0.3208,0.9322538767222794,0.421465818289534
P2-20,nsrdb,16272,nsrdb_16272_clean.npz,12.0,50,3,0.4,"[z(RR_t), z(|ΔRR|_{t-20})] lagged |ΔRR| (ℓ=20)",False,,44722,0.25,2.0,10.0,11,26.400000000000002,0.271130884426835,0.2688,0.04284561718515879,0.218,0.3264,0.3432,0.11039999999999998,0.488,0.0047455957737335755,0.0,44673,0.2689127455755805,0.27166884566326527,0.32520000000000004,0.32680000000000003,0.9419898434120709,0.43581773180572986
P2-20,nsrdb,16273,nsrdb_16273_clean.npz,12.0,50,3,0.4,"[z(RR_t), z(|ΔRR|_{t-20})] lagged |ΔRR| (ℓ=20)",False,,56188,0.25,2.0,10.0,14,33.599999999999994,0.27528173996686794,0.2728,0.04505021859121671,0.21920000000000003,0.33440000000000003,0.35359999999999997,0.12960000000000002,0.4935999999999999,0.006216712089634657,0.0,56139,0.27382331047992164,0.2761441787651991,0.32720000000000005,0.33640000000000003,0.948207976022943,0.4434653493273202
P2-20,nsrdb,16420,nsrdb_16420_clean.npz,12.0,50,3,0.4,"[z(RR_t), z(|ΔRR|_{t-20})] lagged |ΔRR| (ℓ=20)",False,,60906,0.25,2.0,10.0,44,105.60000000000001,0.2762320653334867,0.272,0.04953727688387661,0.21839999999999998,0.33959999999999996,0.36240000000000006,0.10640000000000002,0.5500000000000002,0.016727738797508915,0.0012652611860591223,60857,0.2753309507124504,0.27649138849710075,0.33440000000000003,0.34,0.95605974978634,0.44922583944886835
P2-20,nsrdb,16483,nsrdb_16483_clean.npz,12.0,50,3,0.4,"[z(RR_t), z(|ΔRR|_{t-20})] lagged |ΔRR| (ℓ=20)",False,,63855,0.25,2.0,10.0,2,4.800000000000001,0.2579564366987431,0.2564,0.04242536443413699,0.20440000000000003,0.3132000000000001,0.32960000000000006,0.10959999999999998,0.44599999999999995,0.0008306428862489421,0.0,63806,0.2677330903199676,0.25615808369583803,0.3216,0.31120000000000003,0.924627708715854,0.41344111686865054
P2-20,nsrdb,16539,nsrdb_16539_clean.npz,12.0,50,3,0.4,"[z(RR_t), z(|ΔRR|_{t-20})] lagged |ΔRR| (ℓ=20)",False,,58645,0.25,2.0,10.0,4,9.600000000000001,0.2684929688033313,0.2664,0.04258750343174021,0.21559999999999999,0.32400000000000007,0.3416,0.12400000000000003,0.4556000000000001,0.0021673834391426035,0.0,58596,0.27800319865319867,0.26730285668815146,0.3384,0.32239999999999996,0.9403607017594696,0.4310465992730497
P2-20,nsrdb,16773,nsrdb_16773_clean.npz,12.0,50,3,0.4,"[z(RR_t), z(|ΔRR|_{t-20})] lagged |ΔRR| (ℓ=20)",False,,53465,0.25,2.0,10.0,8,19.200000000000003,0.2628117343118167,0.2604,0.04255632622413351,0.20960000000000006,0.31919999999999993,0.3363999999999999,0.10960000000000002,0.4536,0.0018908192301932006,0.0,53416,0.26509310212928733,0.2624841414640723,0.3196,0.31880000000000003,0.9346328138885354,0.41802730327153126
P2-20,nsrdb,16786,nsrdb_16786_clean.npz,12.0,50,3,0.4,"[z(RR_t), z(|ΔRR|_{t-20})] lagged |ΔRR| (ℓ=20)",False,,55925,0.25,2.0,10.0,14,33.599999999999994,0.26949200372252846,0.2672,0.044968401372199214,0.2136,0.3276,0.3472,0.1252,0.5196000000000002,0.005422721740997924,0.00010738062853461236,55876,0.26733329870129874,0.2698962632885607,0.3272400000000002,0.328,0.9416254804043076,0.43542877941190977
P2-20,nsrdb,16795,nsrdb_16795_clean.npz,12.0,50,3,0.4,"[z(RR_t), z(|ΔRR|_{t-20})] lagged |ΔRR| (ℓ=20)",False,,57071,0.25,2.0,10.0,9,21.6,0.2737843358703658,0.2724,0.042397606352962004,0.22040000000000004,0.3284000000000001,0.3452,0.1116,0.5276000000000001,0.0033145101890498406,0.00024551927326295114,57022,0.2681918347742555,0.2749369120761601,0.32160000000000005,0.32999999999999996,0.9416966630639212,0.4417694150962632
P2-20,nsrdb,17052,nsrdb_17052_clean.npz,12.0,50,3,0.4,"[z(RR_t), z(|ΔRR|_{t-20})] lagged |ΔRR| (ℓ=20)",False,,51478,0.25,2.0,10.0,24,57.599999999999994,0.2761001691652569,0.2736,0.046125296338428094,0.22039999999999996,0.33399999999999996,0.3548,0.1228,0.5392000000000001,0.01092768671372183,0.0004861070602189426,51429,0.27622284315137546,0.27640012937208336,0.33199999999999996,0.33440000000000003,0.9495373331480083,0.44733749415891555
P2-20,nsrdb,17453,nsrdb_17453_clean.npz,12.0,50,3,0.4,"[z(RR_t), z(|ΔRR|_{t-20})] lagged |ΔRR| (ℓ=20)",False,,62938,0.25,2.0,10.0,11,26.400000000000002,0.2729551749908569,0.27199999999999996,0.041455989517805505,0.22080000000000002,0.3268,0.3432,0.13440000000000002,0.4608,0.002798581627947654,0.0,62889,0.26674616732369694,0.27388819729442165,0.31839999999999996,0.3276000000000001,0.9424539742673222,0.4387516719148276
P2-20,nsrdb,18177,nsrdb_18177_clean.npz,12.0,50,3,0.4,"[z(RR_t), z(|ΔRR|_{t-20})] lagged |ΔRR| (ℓ=20)",False,,68325,0.25,2.0,10.0,4,9.600000000000001,0.26738664830980136,0.266,0.041787280752495756,0.21440000000000003,0.322,0.3388,0.10639999999999998,0.458,0.0014499970707129884,0.0,68276,0.2662623056300268,0.2679571762245076,0.31920000000000004,0.3224000000000001,0.9381457462952159,0.42903697979884114
P2-20,nsrdb,18184,nsrdb_18184_clean.npz,12.0,50,3,0.4,"[z(RR_t), z(|ΔRR|_{t-20})] lagged |ΔRR| (ℓ=20)",False,,60625,0.25,2.0,10.0,4,9.600000000000001,0.26112237189646065,0.25960000000000005,0.0422412094310106,0.20800000000000002,0.31560000000000005,0.3324000000000001,0.10000000000000003,0.44240000000000007,0.002013998943475964,0.0,60576,0.26545654919067846,0.26058956865848837,0.3176,0.31520000000000004,0.93286073746365,0.42019947667593605
P2-20,nsrdb,19088,nsrdb_19088_clean.npz,12.0,50,3,0.4,"[z(RR_t), z(|ΔRR|_{t-20})] lagged |ΔRR| (ℓ=20)",False,,63547,0.25,2.0,10.0,4,9.600000000000001,0.26529027685911366,0.264,0.04203249456855522,0.2124,0.3196,0.33640000000000003,0.12480000000000004,0.5596000000000001,0.0015591042237550789,0.00011023969258874295,63498,0.2645865358522075,0.2654233609817066,0.31759999999999994,0.31999999999999995,0.9310700652725743,0.42548338410772735
P2-20,nsrdb,19090,nsrdb_19090_clean.npz,12.0,50,3,0.4,"[z(RR_t), z(|ΔRR|_{t-20})] lagged |ΔRR| (ℓ=20)",False,,52014,0.25,2.0,10.0,7,16.799999999999997,0.2690468276724719,0.2672,0.04196813585339916,0.2168,0.32359999999999994,0.34040000000000004,0.10480000000000003,0.468,0.002366977773501395,0.0,51965,0.26419291319857313,0.2701627395449826,0.3172400000000002,0.32480000000000003,0.934689306733313,0.43205139235800405
P2-20,nsrdb,19093,nsrdb_19093_clean.npz,12.0,50,3,0.4,"[z(RR_t), z(|ΔRR|_{t-20})] lagged |ΔRR| (ℓ=20)",False,,46690,0.25,2.0,10.0,8,19.200000000000003,0.2683714157072104,0.266,0.043601377662096145,0.21480000000000002,0.3240000000000001,0.3436,0.12720000000000004,0.5147999999999999,0.005338650543513218,8.576145451426856e-05,46641,0.2634547053166644,0.26945321358844204,0.3219999999999999,0.32480000000000003,0.9378397670529787,0.42882027873005063
P2-20,nsrdb,19140,nsrdb_19140_clean.npz,12.0,50,3,0.4,"[z(RR_t), z(|ΔRR|_{t-20})] lagged |ΔRR| (ℓ=20)",False,,61254,0.25,2.0,10.0,6,14.399999999999999,0.2648400032677069,0.2636,0.0412726430665306,0.21280000000000004,0.31799999999999995,0.3352,0.11720000000000003,0.46199999999999997,0.0019116085287149743,0.0,61205,0.2645837802052301,0.2648315451952395,0.31760000000000005,0.3176,0.9310444992686885,0.4267947661616846
P2-20,nsrdb,19830,nsrdb_19830_clean.npz,12.0,50,3,0.4,"[z(RR_t), z(|ΔRR|_{t-20})] lagged |ΔRR| (ℓ=20)",False,,70175,0.25,2.0,10.0,3,7.199999999999999,0.2542995636425862,0.2528,0.04285328641554881,0.20040000000000002,0.30959999999999993,0.3272,0.09320000000000003,0.4464,0.0013261842968371217,0.0,70126,0.2476062941770448,0.25569595516311533,0.30440000000000006,0.3104,0.9236697690740078,0.40881621328649553
